date,game_id,team,score,2_point,3_point,free_draw,assist,offense,defense,steal,block,foul
2015. 11. 20,2.0151120706527E+018,KGC 인삼공사,89,0.62,0.37,0.77,26,5,21,16,3,15
2015. 11. 20,2.0151120706527E+018,전자랜드,70,0.47,0.47,0.58,16,9,23,4,2,18
2015. 12. 13,2.0151213101627E+018,모비스,83,0.69,0.33,0.73,23,7,18,7,5,13
2015. 12. 13,2.0151213101627E+018,동부,76,0.49,0.5,0.62,16,9,16,10,1,16
2016. 1. 24,2.0160124655027E+018,전자랜드,79,0.47,0.44,0.57,16,13,17,6,1,18
2016. 1. 24,2.0160124655027E+018,LG,89,0.54,0.52,0.76,23,10,20,8,5,17
2016. 10. 25,2.0161025357029E+016,삼성,114,0.72,0.47,0.71,28,6,25,14,3,23
2016. 10. 25,2.0161025357029E+016,KGC 인삼공사,91,0.5,0.44,0.67,21,10,14,7,1,21
2015. 10. 11,2.0151011355527E+017,삼성,85,0.55,0.27,0.7,15,10,26,5,2,19
2015. 10. 11,2.0151011355527E+017,SK,78,0.49,0.27,0.88,8,12,22,7,3,20
2015. 12. 23,2.0151223701027E+018,KGC 인삼공사,66,0.46,0.29,0.83,12,10,13,6,2,10
2015. 12. 23,2.0151223701027E+018,모비스,89,0.65,0.4,0.5,22,14,26,10,8,16
2016. 3. 9,2.0160309607027E+017,KCC,99,0.6,0.35,0.7,14,14,23,6,3,22
2016. 3. 9,2.0160309607027E+017,KGC 인삼공사,88,0.51,0.32,0.7,20,19,23,7,3,25
2015. 9. 12,2.0150912503527E+016,LG,85,0.59,0.26,0.79,16,15,20,3,1,16
2015. 9. 12,2.0150912503527E+016,삼성,81,0.6,0.24,0.63,23,14,18,9,1,20
2016. 10. 29,2.0161029501029E+017,LG,85,0.64,0.21,0.33,17,10,20,10,2,18
2016. 10. 29,2.0161029501029E+017,모비스,74,0.59,0.33,0.41,18,11,20,7,4,17
2015. 9. 15,2.0150915305527E+017,오리온,75,0.52,0.33,1,20,7,14,11,1,21
2015. 9. 15,2.0150915305527E+017,SK,68,0.57,0.21,0.69,20,15,22,3,5,17
2015. 10. 30,2.0151030356027E+017,삼성,94,0.55,0.43,0.8,22,19,18,10,4,17
2015. 10. 30,2.0151030356027E+017,KCC,89,0.5,0.53,0.94,14,11,15,8,1,23
2016. 1. 15,2.0160115557027E+018,SK,77,0.48,0.35,0.79,15,7,24,3,3,16
2016. 1. 15,2.0160115557027E+018,KGC 인삼공사,81,0.48,0.35,0.77,16,13,27,6,3,19
2016. 2. 17,2.0160217350627E+018,삼성,78,0.58,0.19,0.7,16,13,33,4,6,16
2016. 2. 17,2.0160217350627E+018,KT,71,0.54,0.28,0.75,12,3,20,8,1,15
2015. 9. 26,2.0150926500627E+017,LG,73,0.39,0.29,0.67,15,9,26,3,2,17
2015. 9. 26,2.0150926500627E+017,KT,83,0.52,0.38,0.46,19,9,32,5,2,20
2016. 11. 1,2.0161101650629E+017,전자랜드,73,0.39,0.39,0.64,15,12,29,12,6,20
2016. 11. 1,2.0161101650629E+017,KT,68,0.4,0.38,0.87,14,5,24,12,3,26
2016. 3. 23,2.0160323306027E+016,오리온스,92,0.45,0.48,0.88,21,14,24,7,2,16
2016. 3. 23,2.0160323306027E+016,KCC,70,0.4,0.38,0.91,10,13,22,4,3,19
2016. 2. 5,2.0160205065027E+018,KT,80,0.5,0.35,0.85,12,10,24,2,4,18
2016. 2. 5,2.0160205065027E+018,LG,82,0.48,0.48,0.5,15,10,19,5,2,23
2016. 2. 12,2.0160212705027E+018,KGC 인삼공사,96,0.63,0.47,0.73,22,5,19,8,4,23
2016. 2. 12,2.0160212705027E+018,LG,89,0.54,0.39,0.78,20,13,24,7,1,20
2015. 12. 12,2.0151212066527E+018,KT,70,0.51,0.23,0.67,18,13,26,5,2,16
2015. 12. 12,2.0151212066527E+018,전자랜드,84,0.38,0.52,0.69,20,15,24,5,3,25
2015. 11. 8,2.0151108166027E+017,동부,77,0.41,0.45,1,18,13,21,8,1,17
2015. 11. 8,2.0151108166027E+017,KCC,78,0.57,0.36,0.76,15,8,22,10,3,13
2015. 11. 22,2.0151122701027E+018,KGC 인삼공사,78,0.48,0.45,0.73,18,8,20,10,2,20
2015. 11. 22,2.0151122701027E+018,모비스,75,0.36,0.37,0.67,16,22,25,7,4,17
2016. 1. 3,2.0160103501627E+018,LG,82,0.62,0.25,0.8,20,12,16,4,1,17
2016. 1. 3,2.0160103501627E+018,동부,77,0.61,0.38,0.77,21,9,18,7,0,17
2016. 1. 21,2.0160121551627E+018,SK,83,0.55,0.44,0.59,19,9,23,11,2,16
2016. 1. 21,2.0160121551627E+018,동부,73,0.51,0.36,0.78,12,10,22,6,2,20
2015. 11. 22,2.0151122605027E+018,KCC,83,0.64,0.44,0.38,29,10,26,6,1,19
2015. 11. 22,2.0151122605027E+018,LG,73,0.46,0.5,0.53,20,7,17,8,0,14
2016. 2. 21,2.0160221300627E+018,오리온스,74,0.46,0.23,0.79,20,11,15,6,3,22
2016. 2. 21,2.0160221300627E+018,KT,77,0.6,0.29,0.85,13,12,30,6,2,15
2015. 9. 20,2.0150920300627E+017,오리온,86,0.51,0.47,1,20,5,20,8,0,16
2015. 9. 20,2.0150920300627E+017,KT,73,0.58,0.24,0.69,17,10,24,4,3,18
2016. 10. 30,2.0161030706029E+017,KGC 인삼공사,78,0.57,0.26,0.77,20,9,27,8,4,16
2016. 10. 30,2.0161030706029E+017,KCC,76,0.47,0.26,0.8,22,13,25,6,1,15
2015. 12. 5,2.0151205163027E+018,동부,78,0.54,0.38,0.63,17,10,25,4,1,17
2015. 12. 5,2.0151205163027E+018,오리온스,55,0.5,0.17,0.67,15,7,21,7,3,22
2016. 1. 19,2.0160119650627E+018,전자랜드,94,0.53,0.58,0.79,20,4,26,6,2,25
2016. 1. 19,2.0160119650627E+018,KT,76,0.56,0.16,0.72,19,12,22,6,3,16
2016. 2. 21,2.0160221706027E+018,KGC 인삼공사,71,0.41,0.26,0.78,16,11,19,12,1,21
2016. 2. 21,2.0160221706027E+018,KCC,86,0.57,0.35,0.78,16,13,30,4,1,19
2015. 12. 16,2.0151216607027E+018,KCC,85,0.47,0.5,0.77,17,11,35,9,9,17
2015. 12. 16,2.0151216607027E+018,KGC 인삼공사,60,0.33,0.26,0.75,14,13,21,11,5,12
2016. 10. 29,2.0161029553029E+017,SK,83,0.52,0.32,0.75,16,13,22,5,2,13
2016. 10. 29,2.0161029553029E+017,오리온스,88,0.58,0.41,0.9,15,8,27,5,2,15
2015. 10. 25,2.0151025066527E+017,KT,89,0.53,0.35,0.85,18,20,23,8,4,15
2015. 10. 25,2.0151025066527E+017,전자랜드,77,0.47,0.54,0.77,15,8,11,5,1,21
2015. 9. 13,2.0150913163027E+016,동부,88,0.53,0.5,0.73,19,9,17,4,0,18
2015. 9. 13,2.0150913163027E+016,오리온,100,0.67,0.36,0.94,18,6,21,7,0,20
2015. 12. 13,2.0151213656027E+018,전자랜드,85,0.38,0.5,0.63,17,14,23,7,3,24
2015. 12. 13,2.0151213656027E+018,KCC,83,0.49,0.47,0.67,14,8,28,4,2,16
2015. 10. 7,2.0151007703527E+017,KGC 인삼공사,94,0.61,0.48,0.56,19,8,24,11,7,17
2015. 10. 7,2.0151007703527E+017,삼성,82,0.55,0.14,0.75,18,13,24,10,3,21
2015. 12. 30,2.0151230301627E+018,오리온스,74,0.48,0.28,0.6,19,12,19,12,1,19
2015. 12. 30,2.0151230301627E+018,동부,80,0.55,0.48,0.65,16,9,31,5,1,16
2015. 10. 25,2.0151025107027E+017,모비스,102,0.63,0.44,0.8,29,11,24,9,6,18
2015. 10. 25,2.0151025107027E+017,KGC 인삼공사,82,0.5,0.42,0.83,21,4,19,8,2,17
2015. 11. 14,2.0151114105527E+018,모비스,75,0.49,0.3,0.75,18,10,29,3,1,19
2015. 11. 14,2.0151114105527E+018,SK,66,0.46,0.18,0.7,11,5,27,7,3,22
2015. 11. 12,2.0151112651027E+017,전자랜드,59,0.51,0.22,0.88,14,6,27,3,7,26
2015. 11. 12,2.0151112651027E+017,모비스,66,0.37,0.33,0.56,16,13,23,13,5,12
2015. 12. 20,2.0151220167027E+018,동부,87,0.5,0.38,0.91,17,8,23,7,3,23
2015. 12. 20,2.0151220167027E+018,KGC 인삼공사,82,0.6,0.32,0.65,14,11,25,7,4,20
2016. 1. 31,2.0160131656027E+018,전자랜드,108,0.55,0.38,0.78,18,9,25,10,3,29
2016. 1. 31,2.0160131656027E+018,KCC,113,0.6,0.43,0.64,14,10,29,7,1,22
2016. 1. 20,2.0160120355027E+018,삼성,90,0.53,0.45,0.6,25,9,25,3,3,22
2016. 1. 20,2.0160120355027E+018,LG,97,0.53,0.39,0.86,18,10,26,7,2,22
2016. 1. 29,2.0160129507027E+018,LG,79,0.5,0.3,0.71,11,7,26,9,3,17
2016. 1. 29,2.0160129507027E+018,KGC 인삼공사,66,0.47,0.35,0.71,15,5,29,5,1,21
2016. 11. 5,2.0161105500629E+017,LG,71,0.56,0.27,0.75,11,11,20,7,2,20
2016. 11. 5,2.0161105500629E+017,KT,67,0.53,0.3,0.63,15,12,17,7,1,18
2016. 1. 14,2.0160114503027E+018,LG,72,0.61,0.21,0.91,10,10,22,5,0,13
2016. 1. 14,2.0160114503027E+018,오리온스,63,0.59,0.22,0.6,10,4,17,8,1,15
2015. 12. 25,2.0151225553027E+018,SK,89,0.6,0.32,0.92,21,11,23,6,5,15
2015. 12. 25,2.0151225553027E+018,오리온스,80,0.57,0.41,0.38,26,8,16,10,3,20
2015. 11. 22,2.0151122550627E+018,SK,79,0.47,0.33,0.82,15,9,16,12,3,25
2015. 11. 22,2.0151122550627E+018,KT,83,0.51,0.18,0.73,11,24,28,7,5,18
2015. 11. 8,2.0151108500627E+017,LG,83,0.57,0.38,1,25,11,19,6,1,19
2015. 11. 8,2.0151108500627E+017,KT,92,0.58,0.47,0.64,23,13,17,11,6,15
2016. 1. 23,2.0160123703527E+018,KGC 인삼공사,78,0.51,0.26,0.88,23,8,27,7,3,16
2016. 1. 23,2.0160123703527E+018,삼성,71,0.43,0.2,0.65,15,16,28,8,0,18
2016. 1. 27,2.0160127106527E+018,모비스,75,0.42,0.4,0.79,24,17,28,4,3,17
2016. 1. 27,2.0160127106527E+018,전자랜드,59,0.42,0.24,0.7,13,10,19,5,0,17
2015. 9. 25,2.0150925556527E+017,SK,83,0.5,0.5,0.65,19,8,20,9,2,18
2015. 9. 25,2.0150925556527E+017,전자랜드,73,0.59,0.17,0.91,9,9,21,6,1,25
2015. 11. 25,2.0151125650627E+018,전자랜드,77,0.55,0.31,0.62,15,6,22,6,6,29
2015. 11. 25,2.0151125650627E+018,KT,82,0.51,0.36,0.51,13,14,26,6,3,18
2015. 12. 27,2.0151227105527E+018,모비스,66,0.5,0.35,0.57,12,7,19,6,3,15
2015. 12. 27,2.0151227105527E+018,SK,63,0.5,0.27,0.75,15,12,22,3,4,19
2015. 9. 30,2.0150930657027E+017,전자랜드,86,0.58,0.4,0.6,20,9,30,4,4,21
2015. 9. 30,2.0150930657027E+017,KGC 인삼공사,72,0.46,0.19,0.68,14,14,22,13,3,18
2016. 1. 2,2.0160102606527E+018,KCC,79,0.64,0.19,0.63,12,10,28,7,4,16
2016. 1. 2,2.0160102606527E+018,전자랜드,72,0.45,0.3,0.83,13,11,22,9,0,27
2016. 10. 27,2.0161027300629E+017,오리온스,99,0.61,0.38,0.63,24,10,33,7,3,13
2016. 10. 27,2.0161027300629E+017,KT,67,0.43,0.27,0.77,19,9,20,4,1,18
2015. 10. 3,2.0151003103527E+017,모비스,83,0.59,0.37,0.67,15,11,15,8,2,16
2015. 10. 3,2.0151003103527E+017,삼성,82,0.54,0.5,0.75,19,15,18,6,2,17
2015. 9. 12,2.0150912307027E+016,오리온,86,0.55,0.4,0.64,19,13,26,7,2,17
2015. 9. 12,2.0150912307027E+016,KGC 인삼공사,76,0.6,0.19,0.67,15,11,19,9,3,21
2015. 12. 18,2.0151218165527E+018,동부,84,0.51,0.39,0.68,16,12,22,9,1,15
2015. 12. 18,2.0151218165527E+018,SK,71,0.54,0.38,0.57,13,6,20,6,4,17
2015. 12. 26,2.0151226603527E+018,KCC,74,0.69,0.3,0.42,19,2,25,6,2,20
2015. 12. 26,2.0151226603527E+018,삼성,64,0.44,0.21,0.58,18,13,23,11,1,14
2015. 10. 24,2.0151024501027E+017,LG,75,0.53,0.24,0.88,8,13,18,4,0,18
2015. 10. 24,2.0151024501027E+017,모비스,87,0.56,0.59,0.65,22,9,21,11,2,17
2015. 11. 18,2.0151118553027E+018,SK,90,0.62,0.32,0.86,25,14,22,8,3,17
2015. 11. 18,2.0151118553027E+018,오리온스,69,0.45,0.35,0.81,15,7,16,6,0,12
2015. 12. 20,2.0151220605527E+018,KCC,73,0.57,0.33,0.7,13,8,31,6,3,19
2015. 12. 20,2.0151220605527E+018,SK,72,0.42,0.4,0.6,15,9,22,6,1,15
2016. 1. 17,2.0160117701027E+018,KGC 인삼공사,70,0.49,0.3,0.67,12,10,24,6,5,17
2016. 1. 17,2.0160117701027E+018,모비스,65,0.41,0.28,0.62,17,15,31,4,4,17
2016. 2. 14,2.0160214067027E+018,KT,82,0.57,0.33,0.64,21,11,20,7,1,16
2016. 2. 14,2.0160214067027E+018,KGC 인삼공사,83,0.64,0.24,0.8,20,17,24,5,4,18
2015. 11. 26,2.0151126351027E+018,삼성,82,0.64,0.14,0.54,22,8,16,3,3,21
2015. 11. 26,2.0151126351027E+018,모비스,93,0.74,0.44,0.8,24,4,18,5,1,18
2016. 2. 10,2.0160210166527E+018,동부,60,0.48,0.13,0.81,9,7,19,9,1,18
2016. 2. 10,2.0160210166527E+018,전자랜드,83,0.65,0.41,0.67,22,8,28,7,0,19
2016. 10. 28,2.0161028706529E+017,KGC 인삼공사,87,0.6,0.39,0.73,21,5,25,6,3,22
2016. 10. 28,2.0161028706529E+017,전자랜드,86,0.59,0.28,0.62,21,13,24,5,4,22
2015. 11. 12,2.0151112553027E+017,SK,90,0.6,0.38,0.8,18,6,25,2,1,20
2015. 11. 12,2.0151112553027E+017,오리온스,99,0.48,0.6,0.85,23,8,19,5,5,14
2015. 9. 17,2.0150917165027E+017,동부,85,0.66,0.3,0.45,18,14,24,6,1,16
2015. 9. 17,2.0150917165027E+017,LG,69,0.6,0.24,0.6,7,9,20,9,0,16
2015. 9. 13,2.0150913063527E+016,KT,74,0.54,0.42,0.75,10,5,22,5,0,19
2015. 9. 13,2.0150913063527E+016,삼성,76,0.49,0.38,0.82,17,9,13,10,2,22
2016. 1. 20,2.0160120603027E+018,KCC,88,0.52,0.29,0.88,11,15,28,7,2,21
2016. 1. 20,2.0160120603027E+018,오리온스,70,0.58,0.24,0.81,12,8,20,6,1,22
2016. 2. 7,2.0160207556527E+018,SK,81,0.5,0.4,0.74,13,13,18,7,0,16
2016. 2. 7,2.0160207556527E+018,전자랜드,87,0.56,0.52,0.83,19,8,18,7,1,24
2016. 1. 17,2.0160117351627E+018,삼성,81,0.47,0.23,0.9,18,20,25,4,3,16
2016. 1. 17,2.0160117351627E+018,동부,69,0.49,0.33,0.67,23,9,15,6,1,23
2016. 1. 17,2.0160117556027E+018,SK,92,0.53,0.33,0.87,19,15,21,8,3,14
2016. 1. 17,2.0160117556027E+018,KCC,86,0.55,0.44,0.78,11,9,21,4,2,24
2015. 11. 15,2.0151115306027E+018,오리온스,75,0.47,0.35,0.7,15,11,32,1,5,17
2015. 11. 15,2.0151115306027E+018,KCC,67,0.4,0.25,0.44,8,15,24,5,6,22
2015. 10. 31,2.0151031705527E+017,KGC 인삼공사,88,0.56,0.33,0.71,20,5,27,11,3,19
2015. 10. 31,2.0151031705527E+017,SK,83,0.55,0.33,0.8,19,9,34,2,1,18
2015. 11. 14,2.0151114357027E+018,삼성,90,0.53,0.36,0.65,21,18,18,6,5,24
2015. 11. 14,2.0151114357027E+018,KGC 인삼공사,96,0.62,0.44,0.68,22,6,19,7,2,17
2015. 9. 20,2.0150920107027E+017,모비스,99,0.48,0.44,0.63,24,8,27,7,3,19
2015. 9. 20,2.0150920107027E+017,KGC 인삼공사,97,0.48,0.39,0.5,25,16,28,5,4,22
2015. 12. 25,2.0151225100627E+018,모비스,62,0.47,0.35,0.44,20,7,25,5,5,12
2015. 12. 25,2.0151225100627E+018,KT,63,0.42,0.27,1,15,9,25,8,3,19
2015. 9. 28,2.0150928651627E+017,전자랜드,60,0.49,0.26,0.65,11,6,25,3,4,25
2015. 9. 28,2.0150928651627E+017,동부,68,0.43,0.28,0.71,13,14,26,4,3,23
2015. 10. 14,2.0151014161027E+017,동부,76,0.5,0.54,0.69,18,11,27,4,2,16
2015. 10. 14,2.0151014161027E+017,모비스,80,0.51,0.35,0.65,23,9,20,12,4,15
2016. 2. 21,2.0160221555027E+018,SK,87,0.57,0.29,0.81,19,13,26,6,1,18
2016. 2. 21,2.0160221555027E+018,LG,77,0.47,0.44,0.79,16,5,19,8,1,20
2015. 11. 10,2.0151110706027E+017,KGC 인삼공사,92,0.63,0.33,0.68,18,6,24,11,3,20
2015. 11. 10,2.0151110706027E+017,KCC,86,0.49,0.42,0.67,17,10,27,6,5,24
2015. 10. 2,2.0151002305027E+017,오리온스,86,0.52,0.5,0.62,17,13,22,4,1,20
2015. 10. 2,2.0151002305027E+017,LG,82,0.64,0.32,0.65,12,7,21,4,2,19
2016. 1. 21,2.0160121700627E+018,KGC 인삼공사,74,0.56,0.22,0.83,14,6,25,5,6,21
2016. 1. 21,2.0160121700627E+018,KT,83,0.48,0.5,0.75,18,7,25,6,1,23
2016. 2. 3,2.0160203066527E+018,KT,86,0.56,0.25,0.77,21,13,21,12,0,16
2016. 2. 3,2.0160203066527E+018,전자랜드,78,0.65,0.3,0.81,17,5,24,5,1,22
2015. 11. 15,2.0151115061627E+018,KT,79,0.59,0.33,0.78,12,12,18,8,2,22
2015. 11. 15,2.0151115061627E+018,동부,82,0.56,0.4,0.67,18,11,18,10,2,20
2015. 10. 17,2.0151017701627E+017,KGC 인삼공사,86,0.53,0.37,0.77,17,11,22,8,4,21
2015. 10. 17,2.0151017701627E+017,동부,70,0.51,0.22,0.62,15,14,24,7,2,20
2016. 11. 3,2.0161103067029E+017,KT,70,0.45,0.28,0.75,21,11,24,7,1,19
2016. 11. 3,2.0161103067029E+017,KGC 인삼공사,94,0.62,0.33,0.6,24,11,31,8,0,18
2016. 2. 7,2.0160207105027E+018,모비스,69,0.57,0.27,1,21,11,27,7,3,18
2016. 2. 7,2.0160207105027E+018,LG,58,0.53,0.22,0.6,8,4,18,4,1,15
2015. 9. 12,2.0150912101627E+016,모비스,66,0.55,0.18,0.67,15,7,20,11,2,17
2015. 9. 12,2.0150912101627E+016,동부,77,0.53,0.73,0.55,19,3,29,4,1,18
2016. 1. 3,2.0160103103527E+018,모비스,77,0.41,0.41,0.69,20,11,23,13,1,23
2016. 1. 3,2.0160103103527E+018,삼성,74,0.52,0.17,0.53,16,13,27,7,1,26
2016. 1. 5,2.0160105160627E+018,동부,92,0.6,0.45,0.69,17,13,18,8,1,19
2016. 1. 5,2.0160105160627E+018,KT,77,0.58,0.31,0.75,15,11,15,8,3,15
2015. 12. 16,2.0151216160627E+018,동부,80,0.57,0.47,0.33,23,10,26,9,5,16
2015. 12. 16,2.0151216160627E+018,KT,60,0.46,0.24,0.67,11,8,20,10,8,17
2016. 1. 22,2.0160122506027E+018,LG,76,0.55,0.18,0.78,14,7,26,6,3,20
2016. 1. 22,2.0160122506027E+018,KCC,83,0.51,0.36,0.72,11,8,26,6,0,22
2016. 3. 25,2.0160325306027E+016,오리온스,94,0.59,0.37,0.78,18,11,22,7,1,23
2016. 3. 25,2.0160325306027E+016,KCC,86,0.52,0.41,0.68,15,9,19,5,0,26
2016. 10. 26,2.0161026165029E+016,동부,98,0.63,0.5,0.71,21,7,26,10,3,18
2016. 10. 26,2.0161026165029E+016,LG,71,0.47,0.28,0.67,11,11,19,7,0,25
2015. 10. 8,2.0151008066027E+017,KT,89,0.64,0.26,0.75,21,16,31,7,3,20
2015. 10. 8,2.0151008066027E+017,KCC,59,0.42,0.19,0.74,7,9,20,2,2,18
2015. 11. 1,2.0151101166527E+017,동부,87,0.5,0.57,0.71,21,11,31,5,8,16
2015. 11. 1,2.0151101166527E+017,전자랜드,68,0.38,0.33,0.9,13,6,17,6,3,21
2015. 11. 13,2.0151113501627E+017,LG,64,0.51,0.26,0.67,17,10,19,12,2,15
2015. 11. 13,2.0151113501627E+017,동부,80,0.57,0.4,0.91,19,6,23,10,4,16
2015. 11. 29,2.0151129355527E+018,삼성,95,0.45,0.5,0.82,18,27,20,10,1,20
2015. 11. 29,2.0151129355527E+018,SK,77,0.43,0.39,0.9,17,12,15,8,2,18
2015. 12. 9,2.0151209651027E+018,전자랜드,63,0.47,0.3,0.91,10,9,18,3,1,23
2015. 12. 9,2.0151209651027E+018,모비스,72,0.56,0.14,0.79,13,14,18,5,3,15
2015. 10. 17,2.0151017655527E+017,전자랜드,77,0.5,0.32,0.9,8,9,26,13,3,19
2015. 10. 17,2.0151017655527E+017,SK,50,0.4,0.22,0.67,12,8,22,6,1,16
2016. 3. 10,2.0160310103027E+017,모비스,59,0.5,0.14,0.67,14,15,19,4,1,12
2016. 3. 10,2.0160310103027E+017,오리온스,62,0.46,0.29,0.75,13,12,22,10,1,20
2015. 9. 13,2.0150913607027E+016,KCC,92,0.6,0.42,0.69,17,11,21,7,3,20
2015. 9. 13,2.0150913607027E+016,KGC 인삼공사,88,0.59,0.32,0.82,15,8,21,10,4,17
2015. 9. 24,2.0150924061627E+017,KT,86,0.63,0.28,0.75,13,10,23,2,5,15
2015. 9. 24,2.0150924061627E+017,동부,72,0.44,0.4,0.6,8,10,16,7,2,22
2016. 3. 11,2.0160311706027E+017,KGC 인삼공사,90,0.61,0.37,0.36,20,8,24,10,3,24
2016. 3. 11,2.0160311706027E+017,KCC,86,0.54,0.3,0.67,8,13,26,7,3,18
2015. 10. 4,2.0151004653027E+017,전자랜드,74,0.52,0.1,0.71,11,17,16,6,2,17
2015. 10. 4,2.0151004653027E+017,오리온스,86,0.67,0.44,0.9,16,6,22,2,2,17
2016. 2. 14,2.0160214105527E+018,모비스,65,0.35,0.44,0.54,17,13,22,11,2,16
2016. 2. 14,2.0160214105527E+018,SK,54,0.44,0.2,0.65,9,9,33,7,5,18
2015. 10. 9,2.0151009307027E+017,오리온스,87,0.5,0.33,0.88,25,15,25,14,2,18
2015. 10. 9,2.0151009307027E+017,KGC 인삼공사,77,0.51,0.4,0.69,18,7,19,9,3,20
2015. 10. 31,2.0151031655027E+017,전자랜드,114,0.57,0.42,0.62,24,13,22,10,8,23
2015. 10. 31,2.0151031655027E+017,LG,112,0.51,0.33,0.87,26,17,26,4,3,24
2015. 12. 1,2.0151201557027E+018,SK,81,0.46,0.44,0.5,19,15,32,6,7,16
2015. 12. 1,2.0151201557027E+018,KGC 인삼공사,65,0.49,0.12,0.67,8,9,22,8,5,16
2015. 9. 13,2.0150913551027E+016,SK,58,0.47,0.21,0.45,8,7,18,4,0,19
2015. 9. 13,2.0150913551027E+016,모비스,87,0.58,0.39,0.75,21,8,29,8,3,16
2015. 9. 25,2.0150925106027E+017,모비스,73,0.63,0.33,0.71,13,5,16,5,2,18
2015. 9. 25,2.0150925106027E+017,KCC,86,0.7,0.2,0.75,12,7,19,9,0,22
2015. 10. 16,2.0151016506027E+017,LG,82,0.58,0.33,0.75,18,10,20,8,1,20
2015. 10. 16,2.0151016506027E+017,KCC,78,0.52,0.33,0.79,10,13,23,8,2,16
2015. 10. 25,2.0151025551627E+017,SK,62,0.43,0.32,0.69,14,7,22,10,2,17
2015. 10. 25,2.0151025551627E+017,동부,65,0.5,0.25,0.67,18,8,26,11,3,18
2015. 12. 10,2.0151210357027E+018,삼성,93,0.6,0.42,0.77,24,8,28,6,5,24
2015. 12. 10,2.0151210357027E+018,KGC 인삼공사,83,0.45,0.3,0.69,14,13,18,8,3,26
2016. 1. 14,2.0160114166527E+018,동부,81,0.51,0.5,0.58,19,9,22,3,0,22
2016. 1. 14,2.0160114166527E+018,전자랜드,85,0.57,0.3,0.67,19,14,22,8,1,25
2016. 1. 29,2.0160129655527E+018,전자랜드,85,0.48,0.44,0.78,17,12,21,11,2,20
2016. 1. 29,2.0160129655527E+018,SK,91,0.52,0.56,0.72,16,10,21,10,5,18
2016. 1. 30,2.0160130061627E+018,KT,74,0.52,0.33,0.54,17,11,21,6,5,18
2016. 1. 30,2.0160130061627E+018,동부,71,0.44,0.36,0.67,17,17,20,8,0,27
2016. 2. 21,2.0160221163527E+018,동부,83,0.57,0.33,0.67,20,6,22,11,1,19
2016. 2. 21,2.0160221163527E+018,삼성,76,0.54,0.21,0.84,9,15,23,5,4,22
2015. 12. 9,2.0151209306027E+018,오리온스,68,0.47,0.26,0.63,16,14,17,7,3,19
2015. 12. 9,2.0151209306027E+018,KCC,67,0.51,0.29,0.63,10,14,29,4,1,19
2016. 2. 19,2.0160219506527E+018,LG,75,0.5,0.28,0.76,11,9,23,8,2,16
2016. 2. 19,2.0160219506527E+018,전자랜드,62,0.33,0.42,0.75,14,11,21,2,2,18
2015. 11. 29,2.0151129066027E+018,KT,69,0.43,0.36,0.69,16,11,23,9,0,14
2015. 11. 29,2.0151129066027E+018,KCC,77,0.51,0.44,0.72,18,10,27,4,3,15
2015. 11. 1,2.0151101601027E+017,KCC,82,0.47,0.32,0.92,18,7,19,4,2,19
2015. 11. 1,2.0151101601027E+017,모비스,79,0.56,0.35,0.67,14,10,29,0,1,22
2015. 12. 19,2.0151219600627E+018,KCC,84,0.59,0.32,0.74,18,9,23,9,3,19
2015. 12. 19,2.0151219600627E+018,KT,71,0.47,0.38,0.57,18,9,24,9,1,21
2015. 9. 27,2.0150927061027E+017,KT,73,0.43,0.29,0.9,11,13,23,3,4,22
2015. 9. 27,2.0150927061027E+017,모비스,83,0.49,0.38,0.61,19,12,18,5,4,21
2015. 12. 3,2.0151203063027E+018,KT,95,0.55,0.56,0.87,19,11,27,7,1,20
2015. 12. 3,2.0151203063027E+018,오리온스,85,0.55,0.35,0.88,17,7,18,9,1,16
2015. 11. 21,2.0151121503027E+018,LG,70,0.55,0.25,0.85,17,7,22,6,1,22
2015. 11. 21,2.0151121503027E+018,오리온스,74,0.51,0.37,0.77,16,5,23,10,4,16
2016. 2. 10,2.0160210305527E+018,오리온스,78,0.57,0.4,0.57,19,8,20,11,2,13
2016. 2. 10,2.0160210305527E+018,SK,69,0.43,0.33,0.89,16,14,20,9,0,16
2015. 11. 19,2.0151119106027E+018,모비스,85,0.74,0.32,0.73,22,8,25,6,5,16
2015. 11. 19,2.0151119106027E+018,KCC,66,0.54,0.26,0.69,10,7,14,7,1,19
2016. 1. 16,2.0160116653527E+018,전자랜드,67,0.46,0.26,0.78,11,11,18,7,1,18
2016. 1. 16,2.0160116653527E+018,삼성,71,0.57,0.4,0.58,15,8,29,4,2,16
2016. 2. 9,2.0160209506027E+018,LG,80,0.45,0.19,0.86,12,14,23,5,2,21
2016. 2. 9,2.0160209506027E+018,KCC,85,0.48,0.28,0.96,14,15,28,5,5,24
2016. 1. 10,2.01601107172271E+016,올스타,102,0.53,0.37,0.75,29,14,28,8,1,3
2016. 1. 10,2.01601107172271E+016,올스타,107,0.63,0.32,0.67,29,10,35,9,2,6
2016. 1. 2,2.0160102307027E+018,오리온스,106,0.68,0.5,0.79,27,5,21,10,2,15
2016. 1. 2,2.0160102307027E+018,KGC 인삼공사,78,0.53,0.46,0.69,19,6,18,6,1,18
2016. 2. 6,2.0160206357027E+018,삼성,101,0.61,0.47,0.78,17,10,23,11,5,20
2016. 2. 6,2.0160206357027E+018,KGC 인삼공사,80,0.56,0.33,0.7,21,8,23,6,5,18
2016. 3. 19,2.0160319603027E+016,KCC,82,0.5,0.28,0.9,7,14,22,7,2,20
2016. 3. 19,2.0160319603027E+016,오리온스,76,0.47,0.28,0.56,14,23,20,8,2,22
2016. 1. 28,2.0160128350627E+018,삼성,78,0.62,0.18,0.67,21,8,26,9,4,17
2016. 1. 28,2.0160128350627E+018,KT,68,0.48,0.26,0.73,16,10,21,7,3,20
2016. 2. 9,2.0160209061027E+018,KT,80,0.53,0.5,0.82,20,9,24,7,3,18
2016. 2. 9,2.0160209061027E+018,모비스,72,0.56,0.28,0.7,17,11,15,8,3,19
2015. 9. 12,2.0150912650627E+016,전자랜드,86,0.53,0.41,0.68,11,15,21,7,2,25
2015. 9. 12,2.0150912650627E+016,KT,77,0.47,0.43,0.59,12,15,15,6,4,20
2015. 10. 10,2.0151010065027E+017,KT,92,0.59,0.31,0.86,18,5,28,6,2,19
2015. 10. 10,2.0151010065027E+017,LG,91,0.56,0.38,0.73,20,9,20,5,3,19
2015. 10. 21,2.0151021700627E+017,KGC 인삼공사,83,0.59,0.16,0.83,25,8,25,6,6,24
2015. 10. 21,2.0151021700627E+017,KT,80,0.43,0.44,0.54,20,14,26,5,0,19
2016. 1. 6,2.0160106305527E+018,오리온스,85,0.42,0.6,0.85,20,8,20,13,0,18
2016. 1. 6,2.0160106305527E+018,SK,80,0.64,0.47,0.63,16,4,24,4,1,17
2015. 9. 13,2.0150913506527E+017,LG,82,0.51,0.39,0.9,14,11,18,5,5,18
2015. 9. 13,2.0150913506527E+017,전자랜드,89,0.59,0.33,0.65,15,15,18,8,3,20
2015. 11. 24,2.0151124105027E+018,모비스,79,0.63,0.27,0.65,19,12,22,12,3,16
2015. 11. 24,2.0151124105027E+018,LG,78,0.69,0.07,0.56,21,7,22,15,4,20
2015. 9. 23,2.0150923507027E+017,LG,93,0.57,0.48,0.88,22,10,26,7,2,17
2015. 9. 23,2.0150923507027E+017,KGC 인삼공사,71,0.55,0.21,0.88,13,11,20,4,2,16
2015. 11. 4,2.0151104160627E+017,동부,79,0.6,0.33,0.56,18,11,20,14,2,17
2015. 11. 4,2.0151104160627E+017,KT,66,0.48,0.3,0.58,17,13,15,8,1,16
2015. 12. 17,2.0151217506527E+018,LG,87,0.59,0.45,0.84,20,7,26,6,2,16
2015. 12. 17,2.0151217506527E+018,전자랜드,78,0.39,0.5,0.89,11,9,21,6,1,21
2016. 1. 16,2.0160116065027E+018,KT,90,0.55,0.38,0.54,23,16,23,9,3,20
2016. 1. 16,2.0160116065027E+018,LG,70,0.49,0.36,0.68,15,3,20,4,1,19
2015. 9. 29,2.0150929103027E+017,모비스,74,0.59,0.25,0.67,19,9,18,5,1,23
2015. 9. 29,2.0150929103027E+017,오리온스,83,0.59,0.33,0.85,21,9,27,7,3,16
2015. 10. 10,2.0151010556027E+017,SK,92,0.55,0.48,0.67,27,11,22,7,2,19
2015. 10. 10,2.0151010556027E+017,KCC,86,0.65,0.35,0.82,13,5,18,8,0,21
2016. 1. 26,2.0160126063027E+018,KT,69,0.5,0.32,0.75,21,8,22,6,3,14
2016. 1. 26,2.0160126063027E+018,오리온스,91,0.57,0.43,0.57,20,9,23,10,3,16
2016. 2. 7,2.0160207066027E+018,KT,94,0.52,0.3,0.77,30,13,18,10,5,22
2016. 2. 7,2.0160207066027E+018,KCC,101,0.57,0.33,0.81,13,18,26,8,3,18
2016. 2. 13,2.0160213601627E+018,KCC,92,0.6,0.44,0.78,18,7,22,3,1,14
2016. 2. 13,2.0160213601627E+018,동부,87,0.63,0.33,0.71,15,12,16,5,0,21
2016. 3. 7,2.0160307607027E+017,KCC,80,0.55,0.35,0.44,20,12,36,5,4,18
2016. 3. 7,2.0160307607027E+017,KGC 인삼공사,58,0.44,0.15,0.62,13,11,26,11,2,23
2015. 9. 19,2.0150919505527E+017,LG,81,0.67,0.28,0.64,16,10,18,5,1,14
2015. 9. 19,2.0150919505527E+017,SK,84,0.56,0.41,0.85,24,12,23,3,3,15
2015. 10. 28,2.0151028355027E+017,삼성,78,0.48,0.33,0.63,20,18,23,5,4,19
2015. 10. 28,2.0151028355027E+017,LG,73,0.51,0.25,0.81,15,8,20,5,4,18
2015. 11. 21,2.0151121165527E+018,동부,93,0.58,0.59,0.56,24,11,21,6,0,15
2015. 11. 21,2.0151121165527E+018,SK,75,0.51,0.48,0.33,17,8,15,11,5,14
2015. 10. 23,2.0151023065527E+017,KT,103,0.71,0.4,0.71,24,11,18,5,3,17
2015. 10. 23,2.0151023065527E+017,SK,84,0.67,0.38,0.86,16,5,15,4,0,21
2015. 9. 18,2.0150918106527E+017,모비스,68,0.49,0.24,0.65,18,10,18,7,3,12
2015. 9. 18,2.0150918106527E+017,전자랜드,80,0.55,0.39,0.78,15,11,22,5,4,23
2015. 12. 30,2.0151230705027E+018,KGC 인삼공사,78,0.49,0.25,0.63,13,17,17,9,2,22
2015. 12. 30,2.0151230705027E+018,LG,87,0.55,0.3,0.71,17,19,25,8,1,23
2016. 2. 4,2.0160204703027E+018,KGC 인삼공사,75,0.46,0.28,0.73,17,15,22,9,4,20
2016. 2. 4,2.0160204703027E+018,오리온스,72,0.53,0.24,0.62,20,14,28,4,5,15
2015. 9. 16,2.0150916600627E+017,KCC,54,0.38,0.13,0.67,12,17,18,6,1,22
2015. 9. 16,2.0150916600627E+017,KT,72,0.57,0.27,0.65,13,8,29,4,2,16
2015. 9. 20,2.0150920653527E+017,전자랜드,72,0.45,0.29,0.74,17,11,27,10,2,18
2015. 9. 20,2.0150920653527E+017,삼성,57,0.34,0.22,0.87,10,16,26,4,3,17
2015. 12. 12,2.0151212355027E+018,삼성,90,0.5,0.5,0.71,19,13,27,5,2,22
2015. 12. 12,2.0151212355027E+018,LG,81,0.59,0.27,0.71,14,6,20,3,1,22
2016. 3. 21,2.0160321603027E+016,KCC,71,0.45,0.31,0.58,13,12,19,7,1,20
2016. 3. 21,2.0160321603027E+016,오리온스,99,0.65,0.56,0.69,23,4,27,8,4,24
2016. 10. 23,2.0161023160629E+016,동부,91,0.5,0.4,0.59,21,17,25,6,4,19
2016. 10. 23,2.0161023160629E+016,KT,85,0.5,0.31,0.77,19,13,23,12,4,27
2015. 9. 26,2.0150926167027E+017,동부,72,0.38,0.4,0.77,11,11,19,7,0,24
2015. 9. 26,2.0150926167027E+017,KGC 인삼공사,73,0.52,0.21,0.78,10,10,24,4,5,18
2015. 10. 1,2.0151001065527E+017,KT,72,0.42,0.29,0.76,13,15,24,6,0,21
2015. 10. 1,2.0151001065527E+017,SK,84,0.43,0.32,0.81,20,16,24,12,5,20
2015. 12. 11,2.0151211103027E+018,모비스,78,0.65,0.3,0.67,22,14,23,6,4,12
2015. 12. 11,2.0151211103027E+018,오리온스,59,0.5,0.2,0.71,15,7,13,14,0,18
2015. 11. 28,2.0151128705027E+018,KGC 인삼공사,104,0.71,0.45,0.74,29,11,15,10,1,16
2015. 11. 28,2.0151128705027E+018,LG,99,0.6,0.48,0.82,30,11,16,7,0,19
2016. 1. 23,2.0160123550627E+018,SK,76,0.53,0.26,0.8,17,8,16,8,4,23
2016. 1. 23,2.0160123550627E+018,KT,87,0.56,0.37,0.69,20,15,27,5,1,19
2015. 12. 6,2.0151206603527E+018,KCC,78,0.57,0.35,0.64,15,8,26,7,6,18
2015. 12. 6,2.0151206603527E+018,삼성,73,0.46,0.24,0.61,16,19,22,7,3,15
2015. 12. 29,2.0151229063527E+018,KT,91,0.65,0.3,0.83,25,7,30,12,3,17
2015. 12. 29,2.0151229063527E+018,삼성,61,0.4,0.33,0.82,16,7,19,5,0,22
2015. 9. 27,2.0150927605027E+017,KCC,64,0.47,0.25,0.79,12,9,34,7,2,16
2015. 9. 27,2.0150927605027E+017,LG,57,0.41,0.23,0.63,11,9,25,9,2,17
2016. 1. 6,2.0160106105027E+018,모비스,89,0.58,0.24,0.67,26,13,22,6,4,14
2016. 1. 6,2.0160106105027E+018,LG,85,0.5,0.43,0.79,15,10,22,4,0,21
2016. 1. 13,2.0160113061027E+018,KT,69,0.47,0.13,0.62,15,11,19,7,7,18
2016. 1. 13,2.0160113061027E+018,모비스,68,0.44,0.47,0.64,17,12,21,9,4,22
2015. 10. 11,2.0151011507027E+017,LG,78,0.55,0.23,0.76,23,17,26,6,2,19
2015. 10. 11,2.0151011507027E+017,KGC 인삼공사,88,0.57,0.23,0.85,21,10,22,11,4,20
2016. 2. 5,2.0160205106027E+018,모비스,67,0.53,0.27,0.67,19,9,25,4,4,14
2016. 2. 5,2.0160205106027E+018,KCC,70,0.49,0.25,0.94,9,4,21,6,2,14
2016. 1. 31,2.0160131705527E+018,KGC 인삼공사,70,0.34,0.35,0.63,12,10,24,10,3,16
2016. 1. 31,2.0160131705527E+018,SK,66,0.43,0.41,0.78,11,8,32,6,3,24
2015. 12. 18,2.0151218703027E+018,KGC 인삼공사,90,0.66,0.35,1,24,11,19,6,2,15
2015. 12. 18,2.0151218703027E+018,오리온스,78,0.59,0.37,0.77,18,6,14,5,5,15
2015. 12. 26,2.0151226165027E+018,동부,99,0.61,0.38,0.68,19,13,26,6,2,17
2015. 12. 26,2.0151226165027E+018,LG,84,0.6,0.24,0.6,20,8,20,15,1,24
2016. 2. 16,2.0160216603027E+018,KCC,73,0.4,0.41,0.8,10,11,28,5,3,16
2016. 2. 16,2.0160216603027E+018,오리온스,71,0.51,0.21,0.91,16,6,24,7,2,18
2015. 10. 27,2.0151027306527E+017,오리온스,91,0.63,0.37,0.64,21,13,18,7,2,13
2015. 10. 27,2.0151027306527E+017,전자랜드,69,0.59,0.14,0.73,11,13,21,3,4,20
2015. 12. 22,2.0151222505527E+018,LG,75,0.51,0.25,0.58,19,13,20,10,1,21
2015. 12. 22,2.0151222505527E+018,SK,82,0.63,0.38,0.7,19,3,26,6,3,18
2015. 11. 7,2.0151107551027E+017,SK,61,0.38,0.31,0.83,10,15,20,5,3,20
2015. 11. 7,2.0151107551027E+017,모비스,79,0.64,0.3,0.69,22,6,22,11,8,14
2016. 1. 13,2.0160113355527E+018,삼성,70,0.43,0.18,0.6,11,23,23,4,2,19
2016. 1. 13,2.0160113355527E+018,SK,67,0.39,0.3,0.71,13,15,25,5,7,24
2015. 10. 24,2.0151024306027E+017,오리온스,88,0.54,0.37,0.7,20,11,22,3,2,18
2015. 10. 24,2.0151024306027E+017,KCC,95,0.61,0.36,0.8,15,10,23,4,2,22
2015. 10. 17,2.0151017063027E+017,KT,85,0.52,0.35,0.59,17,12,18,6,1,18
2015. 10. 17,2.0151017063027E+017,오리온스,99,0.64,0.52,0.8,27,4,24,7,6,21
2015. 10. 31,2.0151031100627E+017,모비스,86,0.66,0.43,0.73,15,9,19,7,2,14
2015. 10. 31,2.0151031100627E+017,KT,68,0.44,0.5,0.57,14,10,11,4,4,17
2016. 2. 8,2.0160208353027E+018,삼성,81,0.52,0.54,0.86,8,10,26,5,4,16
2016. 2. 8,2.0160208353027E+018,오리온스,73,0.46,0.37,0.67,16,9,17,7,3,19
2015. 11. 8,2.0151108306527E+017,오리온스,81,0.46,0.41,0.72,22,12,23,5,4,13
2015. 11. 8,2.0151108306527E+017,전자랜드,74,0.5,0.32,0.6,18,12,22,5,5,25
2015. 12. 15,2.0151215553527E+018,SK,80,0.41,0.41,0.68,17,8,23,7,5,26
2015. 12. 15,2.0151215553527E+018,삼성,85,0.49,0.33,0.63,23,13,33,6,2,19
2015. 12. 27,2.0151227653027E+018,전자랜드,76,0.58,0.19,0.62,13,11,21,5,0,18
2015. 12. 27,2.0151227653027E+018,오리온스,88,0.63,0.38,0.93,20,5,29,6,3,18
2016. 10. 22,2.0161022705529E+016,KGC 인삼공사,100,0.64,0.27,0.54,23,13,22,14,3,16
2016. 10. 22,2.0161022705529E+016,SK,95,0.61,0.41,0.76,19,9,25,8,2,24
2016. 1. 24,2.0160124353027E+018,삼성,68,0.43,0.44,0.64,19,15,21,7,3,16
2016. 1. 24,2.0160124353027E+018,오리온스,87,0.56,0.52,0.42,20,6,17,8,4,16
2016. 11. 2,2.0161102353029E+017,삼성,107,0.55,0.31,0.78,26,12,32,5,4,18
2016. 11. 2,2.0161102353029E+017,오리온스,104,0.48,0.41,0.79,27,11,25,7,4,24
2016. 10. 22,2.0161022106529E+016,모비스,63,0.44,0.27,0.6,14,12,20,12,4,12
2016. 10. 22,2.0161022106529E+016,전자랜드,80,0.52,0.38,0.75,16,17,28,8,1,13
2015. 11. 15,2.0151115655027E+018,전자랜드,73,0.51,0.5,0.82,19,9,27,4,2,19
2015. 11. 15,2.0151115655027E+018,LG,72,0.44,0.29,0.82,18,10,17,12,4,14
2016. 1. 13,2.0160113706027E+018,KGC 인삼공사,87,0.48,0.38,1,21,7,20,12,2,22
2016. 1. 13,2.0160113706027E+018,KCC,89,0.53,0.33,0.89,15,11,26,6,6,15
2015. 11. 27,2.0151127605527E+018,KCC,95,0.55,0.44,0.86,18,6,30,3,1,21
2015. 11. 27,2.0151127605527E+018,SK,80,0.48,0.43,0.81,18,4,25,5,3,19
2016. 3. 2,2.0160302357027E+016,삼성,83,0.55,0.29,0.71,18,19,21,8,2,23
2016. 3. 2,2.0160302357027E+016,KGC 인삼공사,85,0.61,0.32,0.89,18,9,17,13,4,20
2016. 1. 6,2.0160106356027E+018,삼성,82,0.56,0.27,0.5,14,9,24,7,5,22
2016. 1. 6,2.0160106356027E+018,KCC,77,0.46,0.38,0.6,14,9,23,4,1,18
2016. 1. 30,2.0160130301027E+018,오리온스,75,0.45,0.4,0.78,15,8,12,6,6,16
2016. 1. 30,2.0160130301027E+018,모비스,80,0.63,0.33,0.88,16,11,25,4,6,15
2016. 1. 2,2.0160102551027E+018,SK,90,0.54,0.53,0.94,17,10,26,5,2,18
2016. 1. 2,2.0160102551027E+018,모비스,70,0.49,0.29,0.59,21,9,15,10,1,19
2015. 10. 9,2.0151009351627E+017,삼성,79,0.6,0.33,0.86,13,12,22,7,3,20
2015. 10. 9,2.0151009351627E+017,동부,72,0.4,0.31,0.83,14,15,11,8,0,19
2015. 12. 4,2.0151204356527E+018,삼성,73,0.52,0.38,0.8,21,7,17,8,1,17
2015. 12. 4,2.0151204356527E+018,전자랜드,62,0.55,0.23,0.69,13,9,23,1,2,17
2016. 10. 26,2.0161026106029E+016,모비스,71,0.48,0.25,0.68,17,8,19,6,8,20
2016. 10. 26,2.0161026106029E+016,KCC,73,0.48,0.33,0.8,12,11,23,5,4,23
2016. 2. 2,2.0160202351027E+018,삼성,66,0.57,0,0.71,12,12,28,9,0,16
2016. 2. 2,2.0160202351027E+018,모비스,49,0.55,0.19,0.42,9,3,20,9,3,15
2016. 1. 15,2.0160115601027E+018,KCC,72,0.6,0.31,0.42,14,5,21,5,4,14
2016. 1. 15,2.0160115601027E+018,모비스,80,0.56,0.44,0.92,22,7,24,6,4,17
2015. 10. 10,2.0151010106527E+017,모비스,99,0.62,0.48,0.75,25,9,28,11,2,16
2015. 10. 10,2.0151010106527E+017,전자랜드,64,0.36,0.29,0.83,11,12,17,6,0,25
2016. 2. 12,2.0160212550627E+018,SK,81,0.49,0.33,0.77,12,12,19,5,2,20
2016. 2. 12,2.0160212550627E+018,KT,96,0.6,0.48,0.75,25,6,22,8,4,19
2016. 2. 3,2.0160203501627E+018,LG,85,0.55,0.59,0.69,14,5,15,12,1,20
2016. 2. 3,2.0160203501627E+018,동부,74,0.57,0.42,0.75,12,5,20,5,1,19
2015. 10. 3,2.0151003700627E+017,KGC 인삼공사,73,0.5,0.31,0.79,15,6,20,7,2,21
2015. 10. 3,2.0151003700627E+017,KT,71,0.54,0.24,0.55,10,15,28,6,1,20
2015. 10. 4,2.0151004501027E+017,LG,61,0.54,0.21,0.54,11,8,16,11,1,19
2015. 10. 4,2.0151004501027E+017,모비스,79,0.63,0.33,0.77,16,12,22,5,3,17
2015. 9. 12,2.0150912556027E+016,SK,80,0.55,0.41,0.85,22,7,32,2,2,23
2015. 9. 12,2.0150912556027E+016,KCC,73,0.47,0.24,0.7,11,12,20,5,2,18
2015. 12. 2,2.0151202161027E+018,동부,77,0.48,0.31,0.64,18,14,24,11,2,17
2015. 12. 2,2.0151202161027E+018,모비스,75,0.47,0.35,0.77,17,10,23,10,4,20
2015. 12. 12,2.0151212705527E+018,KGC 인삼공사,93,0.56,0.35,0.69,18,12,26,9,4,21
2015. 12. 12,2.0151212705527E+018,SK,96,0.59,0.33,0.86,20,6,22,7,3,23
2016. 10. 22,2.0161022306029E+016,오리온스,81,0.51,0.35,0.63,21,8,28,7,1,16
2016. 10. 22,2.0161022306029E+016,KCC,69,0.42,0.38,0.82,15,7,28,4,4,15
2016. 11. 6,2.0161106355529E+017,삼성,88,0.54,0.29,0.75,16,11,22,5,3,18
2016. 11. 6,2.0161106355529E+017,SK,84,0.54,0.36,1,19,5,25,4,7,21
2016. 1. 30,2.0160130356027E+018,삼성,72,0.43,0.27,0.79,16,11,23,4,2,22
2016. 1. 30,2.0160130356027E+018,KCC,74,0.52,0.33,0.65,13,7,22,6,3,26
2016. 11. 5,2.0161105605529E+017,KCC,78,0.52,0.19,0.75,12,8,23,6,2,25
2016. 11. 5,2.0161105605529E+017,SK,82,0.32,0.55,0.81,11,10,33,4,2,19
2016. 11. 2,2.0161102161029E+017,동부,74,0.38,0.4,0.52,8,16,26,6,2,12
2016. 11. 2,2.0161102161029E+017,모비스,75,0.39,0.39,0.67,23,16,29,5,4,24
2015. 9. 29,2.0150929603527E+017,KCC,80,0.53,0.29,1,15,12,21,11,1,17
2015. 9. 29,2.0150929603527E+017,삼성,61,0.51,0.18,0.79,10,13,20,6,1,13
2015. 10. 18,2.0151018607027E+017,KCC,78,0.54,0.32,0.63,14,12,32,7,3,18
2015. 10. 18,2.0151018607027E+017,KGC 인삼공사,57,0.37,0.24,0.67,14,10,22,8,5,19
2015. 12. 20,2.0151220300627E+018,오리온스,92,0.64,0.39,0.63,22,9,22,13,4,15
2015. 12. 20,2.0151220300627E+018,KT,66,0.61,0.16,0.67,21,17,23,9,0,21
2016. 1. 28,2.0160128601627E+018,KCC,81,0.59,0.12,0.65,13,16,28,7,2,11
2016. 1. 28,2.0160128601627E+018,동부,66,0.45,0.38,0.4,17,7,23,7,1,17
2015. 12. 31,2.0151231655527E+018,전자랜드,78,0.53,0.6,0.9,15,1,20,5,0,19
2015. 12. 31,2.0151231655527E+018,SK,92,0.5,0.57,0.7,21,9,22,10,0,18
2016. 3. 1,2.0160301163027E+016,동부,67,0.51,0.08,0.71,12,9,32,6,4,20
2016. 3. 1,2.0160301163027E+016,오리온스,79,0.48,0.22,0.82,18,13,32,8,6,22
2016. 3. 12,2.0160312301027E+017,오리온스,76,0.53,0.29,0.79,19,8,29,8,3,22
2016. 3. 12,2.0160312301027E+017,모비스,59,0.35,0.24,0.76,9,13,22,8,0,23
2015. 12. 10,2.0151210065527E+018,KT,73,0.5,0.21,0.82,12,10,24,7,1,17
2015. 12. 10,2.0151210065527E+018,SK,81,0.56,0.33,0.75,21,6,26,3,4,22
2016. 1. 5,2.0160105706527E+018,KGC 인삼공사,90,0.66,0.5,0.77,22,7,22,3,2,17
2016. 1. 5,2.0160105706527E+018,전자랜드,82,0.45,0.36,0.85,11,17,14,7,1,21
2016. 1. 23,2.0160123101627E+018,모비스,57,0.54,0.09,0.47,13,10,21,7,4,18
2016. 1. 23,2.0160123101627E+018,동부,64,0.47,0.18,0.79,11,11,30,8,5,21
2016. 11. 4,2.0161104301029E+017,오리온스,83,0.52,0.18,0.71,13,9,29,8,2,16
2016. 11. 4,2.0161104301029E+017,모비스,71,0.4,0.32,0.68,21,8,31,4,4,27
2015. 9. 19,2.0150919603027E+017,KCC,78,0.59,0.35,0.64,11,10,18,6,1,23
2015. 9. 19,2.0150919603027E+017,오리온,86,0.57,0.37,0.74,15,11,22,3,4,17
2016. 2. 6,2.0160206165527E+018,동부,85,0.4,0.61,0.67,21,17,20,9,3,17
2016. 2. 6,2.0160206165527E+018,SK,68,0.51,0.31,0.71,12,10,21,7,8,15
2016. 2. 19,2.0160219107027E+018,모비스,81,0.64,0.41,0.33,24,9,24,13,3,11
2016. 2. 19,2.0160219107027E+018,KGC 인삼공사,68,0.46,0.31,0.91,18,7,16,15,3,13
2015. 11. 7,2.0151107703027E+017,KGC 인삼공사,95,0.58,0.33,0.89,19,9,30,11,0,16
2015. 11. 7,2.0151107703027E+017,오리온스,72,0.5,0.28,0.86,21,9,21,3,2,16
2015. 12. 5,2.0151205100627E+018,모비스,74,0.46,0.3,0.9,14,10,27,7,7,19
2015. 12. 5,2.0151205100627E+018,KT,63,0.44,0.27,0.62,14,10,21,8,2,18
2015. 12. 13,2.0151213305027E+018,오리온스,74,0.5,0.32,0.82,21,6,24,11,1,20
2015. 12. 13,2.0151213305027E+018,LG,75,0.46,0.44,0.76,19,9,28,6,1,18
2015. 10. 22,2.0151022305027E+017,오리온스,88,0.6,0.43,0.8,20,8,19,11,4,15
2015. 10. 22,2.0151022305027E+017,LG,75,0.49,0.35,0.82,18,17,20,6,4,19
2016. 1. 1,2.0160101351627E+018,삼성,81,0.57,0.33,0.59,24,11,20,8,5,19
2016. 1. 1,2.0160101351627E+018,동부,71,0.55,0.28,0.78,15,8,18,4,2,21
2016. 2. 14,2.0160214503527E+018,LG,95,0.64,0.33,0.84,22,11,21,5,1,17
2016. 2. 14,2.0160214503527E+018,삼성,94,0.6,0.29,0.87,16,10,17,10,2,24
2016. 2. 29,2.0160229357027E+016,삼성,92,0.55,0.32,0.67,16,16,24,7,3,23
2016. 2. 29,2.0160229357027E+016,KGC 인삼공사,88,0.57,0.38,0.59,22,11,20,7,2,26
2016. 2. 28,2.0160228301627E+016,오리온스,84,0.56,0.29,0.82,19,12,18,8,4,14
2016. 2. 28,2.0160228301627E+016,동부,76,0.56,0.3,0.86,20,12,17,8,3,22
2016. 2. 16,2.0160216161027E+018,동부,66,0.44,0.42,0.92,16,7,23,6,0,23
2016. 2. 16,2.0160216161027E+018,모비스,70,0.48,0.17,0.68,17,20,25,9,2,19
2016. 2. 27,2.0160227703527E+016,KGC 인삼공사,93,0.5,0.43,0.73,19,12,29,3,2,23
2016. 2. 27,2.0160227703527E+016,삼성,86,0.5,0.16,0.69,13,22,22,6,1,24
2015. 12. 26,2.0151226706527E+018,KGC 인삼공사,89,0.63,0.5,0.68,26,5,25,6,5,19
2015. 12. 26,2.0151226706527E+018,전자랜드,71,0.48,0.19,0.93,14,13,18,6,5,18
2016. 10. 23,2.0161023351029E+016,삼성,88,0.59,0.38,0.76,16,12,26,9,3,16
2016. 10. 23,2.0161023351029E+016,모비스,73,0.42,0.43,0.73,18,9,14,8,1,19
2015. 11. 7,2.0151107063527E+017,KT,67,0.37,0.35,0.79,16,11,25,10,4,20
2015. 11. 7,2.0151107063527E+017,삼성,65,0.46,0.25,0.71,13,11,24,6,2,22
2016. 3. 27,2.0160327603027E+016,KCC,94,0.59,0.43,0.81,11,6,27,2,7,21
2016. 3. 27,2.0160327603027E+016,오리온스,88,0.43,0.4,0.86,18,11,20,7,1,25
2015. 12. 8,2.0151208067027E+018,KT,89,0.58,0.43,0.69,17,11,22,7,4,15
2015. 12. 8,2.0151208067027E+018,KGC 인삼공사,94,0.58,0.46,0.83,18,8,17,11,3,19
2015. 12. 23,2.0151223303527E+018,오리온스,97,0.59,0.75,0.71,20,6,20,12,3,19
2015. 12. 23,2.0151223303527E+018,삼성,69,0.43,0.29,0.84,13,14,18,11,1,17
2015. 12. 24,2.0151224651627E+018,전자랜드,79,0.49,0.33,0.71,13,13,20,6,1,21
2015. 12. 24,2.0151224651627E+018,동부,86,0.38,0.6,0.86,20,7,25,4,4,18
2016. 1. 27,2.0160127555027E+018,SK,82,0.54,0.28,0.87,18,15,24,8,3,12
2016. 1. 27,2.0160127555027E+018,LG,73,0.48,0.41,0.8,15,8,18,6,1,17
2015. 10. 11,2.0151011301627E+017,오리온스,80,0.56,0.33,0.8,18,10,27,10,4,15
2015. 10. 11,2.0151011301627E+017,동부,74,0.52,0.47,0.5,18,8,20,3,2,14
2016. 2. 21,2.0160221651027E+018,전자랜드,70,0.49,0.31,0.9,15,7,13,5,0,23
2016. 2. 21,2.0160221651027E+018,모비스,89,0.6,0.35,0.79,23,13,28,8,5,13
2016. 3. 13,2.0160313706027E+017,KGC 인삼공사,92,0.53,0.33,0.92,19,9,11,8,0,21
2016. 3. 13,2.0160313706027E+017,KCC,113,0.72,0.33,0.74,16,16,27,7,4,19
2015. 11. 14,2.0151114606527E+017,KCC,83,0.5,0.25,0.81,12,12,25,5,3,21
2015. 11. 14,2.0151114606527E+017,전자랜드,77,0.43,0.33,0.76,11,15,21,2,3,25
2015. 10. 3,2.0151003166027E+017,동부,84,0.57,0.36,0.85,15,13,21,7,3,20
2015. 10. 3,2.0151003166027E+017,KCC,88,0.55,0.53,0.8,12,8,16,8,1,22
2015. 11. 21,2.0151121350627E+018,삼성,88,0.54,0.38,0.82,20,11,19,4,3,27
2015. 11. 21,2.0151121350627E+018,KT,83,0.61,0.29,0.63,20,8,18,8,2,23
2016. 1. 3,2.0160103600627E+018,KCC,74,0.5,0.36,0.6,11,13,28,4,5,22
2016. 1. 3,2.0160103600627E+018,KT,67,0.4,0.22,0.79,13,20,23,7,6,18
2016. 2. 13,2.0160213301027E+018,오리온스,73,0.57,0.25,0.68,15,9,11,6,1,19
2016. 2. 13,2.0160213301027E+018,모비스,88,0.6,0.33,0.95,17,13,17,12,0,21
2016. 11. 6,2.0161106306529E+017,오리온스,82,0.6,0.29,0.42,17,11,24,4,2,18
2016. 11. 6,2.0161106306529E+017,전자랜드,80,0.53,0.24,0.71,16,12,22,8,4,20
2016. 3. 29,2.0160329306027E+016,오리온스,120,0.71,0.68,0.69,29,9,29,6,1,21
2016. 3. 29,2.0160329306027E+016,KCC,86,0.45,0.5,0.53,15,11,13,5,2,17
2015. 12. 5,2.0151205505527E+018,LG,79,0.5,0.29,0.93,18,9,24,6,1,18
2015. 12. 5,2.0151205505527E+018,SK,78,0.56,0.29,0.69,23,4,27,5,1,19
2016. 2. 17,2.0160217657027E+018,전자랜드,86,0.6,0.4,0.62,27,6,17,6,2,24
2016. 2. 17,2.0160217657027E+018,KGC 인삼공사,82,0.58,0.22,0.83,17,14,20,7,3,20
2016. 2. 18,2.0160218605527E+018,KCC,90,0.64,0.44,0.47,11,7,25,8,2,17
2016. 2. 18,2.0160218605527E+018,SK,83,0.56,0.43,0.54,17,7,26,7,2,17
2016. 2. 26,2.0160226301627E+016,오리온스,104,0.66,0.45,0.67,23,7,19,13,5,21
2016. 2. 26,2.0160226301627E+016,동부,78,0.5,0.34,0.77,21,12,20,7,1,25
2016. 10. 23,2.0161023605029E+016,KCC,67,0.38,0.35,0.73,16,11,23,5,2,16
2016. 10. 23,2.0161023605029E+016,LG,79,0.51,0.33,0.85,20,10,33,7,5,17
2015. 10. 4,2.0151004551627E+017,SK,67,0.48,0.24,0.54,20,10,21,8,5,16
2015. 10. 4,2.0151004551627E+017,동부,78,0.51,0.35,0.83,24,8,25,7,2,19
2015. 9. 19,2.0150919163527E+017,동부,86,0.58,0.32,0.67,27,10,15,9,3,21
2015. 9. 19,2.0150919163527E+017,삼성,92,0.59,0.48,0.75,19,10,20,5,0,20
2015. 9. 27,2.0150927303527E+017,오리온,81,0.58,0.38,0.71,18,4,19,6,1,25
2015. 9. 27,2.0150927303527E+017,삼성,82,0.63,0.33,0.5,19,12,23,7,2,19
2016. 11. 6,2.0161106107029E+017,모비스,86,0.58,0.3,0.67,20,15,26,4,3,17
2016. 11. 6,2.0161106107029E+017,KGC 인삼공사,75,0.46,0.22,0.79,21,15,18,7,3,20
2015. 11. 17,2.0151117163527E+018,동부,70,0.59,0.25,0.64,13,9,19,4,2,19
2015. 11. 17,2.0151117163527E+018,삼성,75,0.57,0.33,0.89,16,8,20,6,5,17
2015. 10. 18,2.0151018351027E+017,삼성,61,0.46,0.09,0.8,12,11,22,5,2,20
2015. 10. 18,2.0151018351027E+017,모비스,74,0.46,0.45,0.68,19,10,23,5,3,16
2015. 12. 24,2.0151224605027E+018,KCC,94,0.5,0.38,0.7,15,19,19,3,3,19
2015. 12. 24,2.0151224605027E+018,LG,98,0.62,0.47,0.71,18,10,23,2,0,22
2016. 2. 13,2.0160213356527E+018,삼성,81,0.56,0.55,0.75,10,10,22,4,4,14
2016. 2. 13,2.0160213356527E+018,전자랜드,87,0.54,0.5,0.8,25,9,16,12,0,16
2015. 12. 17,2.0151217103527E+018,모비스,72,0.53,0.37,0.77,16,5,18,10,4,20
2015. 12. 17,2.0151217103527E+018,삼성,73,0.51,0.35,0.94,15,8,22,9,1,21
2015. 9. 22,2.0150922553527E+017,SK,72,0.37,0.48,0.77,22,6,27,4,3,18
2015. 9. 22,2.0150922553527E+017,삼성,75,0.47,0.26,0.75,14,14,28,5,2,18
2016. 1. 22,2.0160122306527E+018,오리온스,84,0.49,0.56,0.54,20,9,27,6,3,19
2016. 1. 22,2.0160122306527E+018,전자랜드,67,0.49,0.24,0.73,11,9,25,6,2,24
2015. 11. 28,2.0151128651627E+018,전자랜드,72,0.68,0.2,0.67,14,6,20,7,1,21
2015. 11. 28,2.0151128651627E+018,동부,84,0.53,0.73,0.5,25,8,22,8,1,18
2015. 12. 20,2.0151220356527E+018,삼성,95,0.7,0.44,0.78,19,10,19,8,3,17
2015. 12. 20,2.0151220356527E+018,전자랜드,79,0.55,0.53,0.54,16,8,13,10,1,20
2015. 11. 11,2.0151111503527E+017,LG,101,0.66,0.48,0.65,30,6,34,9,3,18
2015. 11. 11,2.0151111503527E+017,삼성,63,0.41,0.15,0.73,10,16,19,6,3,19
2015. 10. 18,2.0151018165027E+017,동부,68,0.53,0.25,0.85,14,9,15,8,3,18
2015. 10. 18,2.0151018165027E+017,LG,77,0.6,0.32,0.92,19,5,22,7,2,16
2015. 12. 27,2.0151227067027E+018,KT,83,0.74,0.32,0.57,26,6,22,3,2,17
2015. 12. 27,2.0151227067027E+018,KGC 인삼공사,84,0.51,0.38,0.79,19,13,19,7,0,21
2015. 11. 29,2.0151129103027E+018,모비스,77,0.63,0.35,0.89,21,10,20,7,2,11
2015. 11. 29,2.0151129103027E+018,오리온스,70,0.51,0.42,0.78,21,6,14,9,0,18
2016. 1. 31,2.0160131503027E+018,LG,91,0.57,0.5,0.9,22,8,22,7,1,19
2016. 1. 31,2.0160131503027E+018,오리온스,73,0.63,0.4,1,15,1,18,5,2,19
2016. 10. 30,2.0161030555029E+017,SK,100,0.71,0.4,0.89,19,10,28,3,3,17
2016. 10. 30,2.0161030555029E+017,LG,82,0.5,0.29,0.75,17,16,14,5,0,19
2016. 2. 18,2.0160218301627E+018,오리온스,80,0.56,0.31,1,15,9,18,9,6,16
2016. 2. 18,2.0160218301627E+018,동부,73,0.51,0.35,0.79,19,13,16,8,0,19
2015. 11. 3,2.0151103657027E+017,전자랜드,76,0.45,0.28,0.61,17,20,24,5,2,16
2015. 11. 3,2.0151103657027E+017,KGC 인삼공사,85,0.66,0.28,0.67,22,9,26,9,4,22
2015. 12. 6,2.0151206556527E+018,SK,61,0.54,0.21,0.71,12,9,24,4,4,15
2015. 12. 6,2.0151206556527E+018,전자랜드,67,0.44,0.33,0.7,9,12,23,9,2,15
2015. 12. 11,2.0151211166027E+018,동부,81,0.47,0.3,0.78,19,19,17,11,3,18
2015. 12. 11,2.0151211166027E+018,KCC,73,0.51,0.33,0.69,11,15,23,4,5,19
2016. 1. 24,2.0160124167027E+018,동부,65,0.49,0.24,0.58,12,7,26,5,2,21
2016. 1. 24,2.0160124167027E+018,KGC 인삼공사,79,0.59,0.36,0.79,14,4,31,9,4,19
2015. 11. 1,2.0151101353027E+017,삼성,84,0.35,0.63,0.78,17,11,11,9,2,13
2015. 11. 1,2.0151101353027E+017,오리온스,93,0.68,0.5,0.86,21,6,26,4,2,17
2016. 1. 1,2.0160101500627E+018,LG,87,0.59,0.41,0.62,20,12,20,8,6,15
2016. 1. 1,2.0160101500627E+018,KT,78,0.57,0.3,0.73,19,8,21,9,2,17
2015. 11. 6,2.0151106656027E+017,전자랜드,80,0.56,0.36,0.68,18,9,20,6,4,24
2015. 11. 6,2.0151106656027E+017,KCC,87,0.51,0.35,0.81,16,15,18,7,5,23
2016. 1. 16,2.0160116163027E+018,동부,75,0.49,0.31,0.9,17,13,16,5,3,18
2016. 1. 16,2.0160116163027E+018,오리온스,94,0.68,0.44,0.83,22,7,27,11,1,15
2015. 10. 20,2.0151020601627E+017,KCC,63,0.46,0.24,0.55,11,14,18,11,4,18
2015. 10. 20,2.0151020601627E+017,동부,71,0.48,0.46,0.74,14,8,25,7,3,19
2015. 10. 13,2.0151013555027E+017,SK,80,0.6,0.16,0.73,20,13,19,7,2,15
2015. 10. 13,2.0151013555027E+017,LG,68,0.5,0.35,0.8,17,12,20,1,1,17
2015. 11. 5,2.0151105301027E+017,오리온스,95,0.52,0.57,0.75,23,9,19,7,4,17
2015. 11. 5,2.0151105301027E+017,모비스,80,0.43,0.56,0.75,15,8,21,8,4,17
2016. 2. 4,2.0160204553527E+018,SK,86,0.7,0.27,0.68,16,8,24,9,1,14
2016. 2. 4,2.0160204553527E+018,삼성,69,0.53,0.24,0.83,17,10,16,10,1,19
2016. 11. 4,2.0161104356529E+017,삼성,76,0.52,0.2,0.59,17,12,31,4,3,21
2016. 11. 4,2.0161104356529E+017,전자랜드,75,0.5,0.22,0.7,11,11,23,11,6,24
2015. 12. 19,2.0151219501027E+018,LG,81,0.54,0.47,0.77,18,8,15,4,1,19
2015. 12. 19,2.0151219501027E+018,모비스,83,0.65,0.36,0.79,23,10,20,8,1,16
2016. 10. 30,2.0161030651629E+017,전자랜드,80,0.6,0.3,0.73,19,8,16,11,0,19
2016. 10. 30,2.0161030651629E+017,동부,77,0.65,0.29,0.59,16,12,24,5,2,13
2015. 10. 15,2.0151015653527E+017,전자랜드,74,0.48,0.27,0.84,12,12,18,11,2,23
2015. 10. 15,2.0151015653527E+017,삼성,82,0.57,0.28,0.72,16,15,20,7,4,17
2016. 2. 6,2.0160206653027E+018,전자랜드,83,0.61,0.54,0.53,18,7,16,4,0,22
2016. 2. 6,2.0160206653027E+018,오리온스,89,0.57,0.6,0.8,24,7,13,8,2,15
2016. 11. 5,2.0161105167029E+017,동부,88,0.55,0.3,0.74,20,18,31,5,1,21
2016. 11. 5,2.0161105167029E+017,KGC 인삼공사,73,0.4,0.33,0.67,20,10,17,8,5,19
2015. 9. 28,2.0150928557027E+017,SK,62,0.48,0.23,0.64,16,13,27,6,2,17
2015. 9. 28,2.0150928557027E+017,KGC 인삼공사,76,0.66,0.26,0.71,12,5,30,9,0,20
2016. 10. 28,2.0161028601629E+017,KCC,84,0.55,0.25,0.86,15,11,14,7,3,21
2016. 10. 28,2.0161028601629E+017,동부,94,0.57,0.5,0.85,23,10,29,4,2,17
2015. 12. 31,2.0151231601027E+018,KCC,67,0.44,0.4,0.76,9,11,22,6,3,20
2015. 12. 31,2.0151231601027E+018,모비스,65,0.5,0.17,0.71,13,13,23,11,4,18
2015. 10. 24,2.0151024703527E+017,KGC 인삼공사,92,0.63,0.38,0.73,24,6,20,10,5,17
2015. 10. 24,2.0151024703527E+017,삼성,82,0.48,0.45,0.92,23,11,23,9,1,20
2015. 11. 28,2.0151128303527E+018,오리온스,66,0.46,0.38,0.7,17,5,16,9,4,18
2015. 11. 28,2.0151128303527E+018,삼성,76,0.51,0.54,0.82,15,10,24,7,8,19
2016. 10. 29,2.0161029063529E+017,KT,93,0.53,0.4,0.65,24,12,16,9,1,20
2016. 10. 29,2.0161029063529E+017,삼성,90,0.62,0.24,0.77,22,16,23,7,1,23
2016. 3. 8,2.0160308103027E+017,모비스,68,0.44,0.29,0.78,14,12,23,8,2,19
2016. 3. 8,2.0160308103027E+017,오리온스,69,0.49,0.38,0.68,15,8,23,5,3,23
2016. 2. 8,2.0160208701627E+018,KGC 인삼공사,81,0.59,0.36,0.46,19,8,20,7,2,18
2016. 2. 8,2.0160208701627E+018,동부,84,0.59,0.47,0.8,20,7,24,3,2,17
2016. 2. 25,2.0160225703527E+016,KGC 인삼공사,96,0.68,0.37,0.5,22,9,31,9,7,23
2016. 2. 25,2.0160225703527E+016,삼성,71,0.38,0.38,0.72,17,12,26,9,4,22
2015. 12. 6,2.0151206701627E+018,KGC 인삼공사,93,0.42,0.48,0.85,22,12,28,10,1,17
2015. 12. 6,2.0151206701627E+018,동부,82,0.44,0.48,0.61,13,10,27,2,0,22
2015. 10. 6,2.0151006606527E+017,KCC,73,0.59,0.17,0.56,8,10,30,8,0,17
2015. 10. 6,2.0151006606527E+017,전자랜드,58,0.43,0.24,0.5,13,12,24,6,2,23
