2015,10,28,2015102701,애틀랜타,94
2015,10,28,2015102701,디트로이트,94
2015,10,28,2015102704,시카고,97
2015,10,28,2015102704,클리블랜드,97
2015,10,28,2015102709,골든스테이트,111
2015,10,28,2015102709,뉴올리언즈,111
2015,10,29,2015102819,올랜도,87
2015,10,29,2015102819,워싱턴,87
2015,10,29,2015102802,보스턴,112
2015,10,29,2015102802,필라델피아,112
2015,10,29,2015102808,디트로이트,92
2015,10,29,2015102808,유타,92
2015,10,29,2015102814,마이애미,104
2015,10,29,2015102814,샬럿,104
2015,10,29,2015102817,브루클린,100
2015,10,29,2015102817,시카고,100
2015,10,29,2015102828,토론토,106
2015,10,29,2015102828,인디애나,106
2015,10,29,2015102810,휴스턴,85
2015,10,29,2015102810,덴버,85
2015,10,29,2015102815,밀워키,97
2015,10,29,2015102815,뉴욕,97
2015,10,29,2015102825,오클라호마 시티,112
2015,10,29,2015102825,샌안토니오,112
2015,10,29,2015102829,멤피스,76
2015,10,29,2015102829,클리블랜드,76
2015,10,29,2015102821,피닉스,95
2015,10,29,2015102821,댈러스,95
2015,10,29,2015102822,포틀랜드 트레일,112
2015,10,29,2015102822,뉴올리언즈,112
2015,10,29,2015102823,새크라멘토,104
2015,10,29,2015102823,LA클리퍼스,104
2015,10,29,2015102813,LA레이커스,111
2015,10,29,2015102813,미네소타,111
2015,10,30,2015102911,인디애나,103
2015,10,30,2015102911,멤피스,103
2015,10,30,2015102918,뉴욕,101
2015,10,30,2015102918,애틀랜타,101
2015,10,30,2015102912,LA클리퍼스,104
2015,10,30,2015102912,댈러스,104
2015,10,31,2015103005,클리블랜드,102
2015,10,31,2015103005,마이애미,102
2015,10,31,2015103019,올랜도,136
2015,10,31,2015103019,오클라호마 시티,136
2015,10,31,2015103020,필라델피아,71
2015,10,31,2015103020,유타,71
2015,10,31,2015103002,보스턴,103
2015,10,31,2015103002,토론토,103
2015,10,31,2015103008,디트로이트,98
2015,10,31,2015103008,시카고,98
2015,10,31,2015103001,애틀랜타,97
2015,10,31,2015103001,샬럿,97
2015,10,31,2015103015,밀워키,113
2015,10,31,2015103015,워싱턴,113
2015,10,31,2015103024,샌안토니오,102
2015,10,31,2015103024,브루클린,102
2015,10,31,2015103007,덴버,78
2015,10,31,2015103007,미네소타,78
2015,10,31,2015103010,휴스턴,92
2015,10,31,2015103010,골든스테이트,92
2015,10,31,2015103023,새크라멘토,132
2015,10,31,2015103023,LA레이커스,132
2015,10,31,2015103021,피닉스,110
2015,10,31,2015103021,포틀랜드 트레일,110
2015,11,1,2015103111,인디애나,76
2015,11,1,2015103111,유타,76
2015,11,1,2015103127,워싱턴,110
2015,11,1,2015103127,뉴욕,110
2015,11,1,2015103103,뉴올리언즈,120
2015,11,1,2015103103,골든스테이트,120
2015,11,1,2015103129,멤피스,101
2015,11,1,2015103129,브루클린,101
2015,11,1,2015103122,포틀랜드 트레일,90
2015,11,1,2015103122,피닉스,90
2015,11,1,2015103112,LA클리퍼스,114
2015,11,1,2015103112,새크라멘토,114
2015,11,2,2015110130,샬럿,92
2015,11,2,2015110130,애틀랜타,92
2015,11,2,2015110102,보스턴,87
2015,11,2,2015110102,샌안토니오,87
2015,11,2,2015110114,마이애미,109
2015,11,2,2015110114,휴스턴,109
2015,11,2,2015110128,토론토,106
2015,11,2,2015110128,밀워키,106
2015,11,2,2015110104,시카고,92
2015,11,2,2015110104,올랜도,92
2015,11,2,2015110125,오클라호마 시티,117
2015,11,2,2015110125,덴버,117
2015,11,2,2015110113,LA레이커스,93
2015,11,2,2015110113,댈러스,93
2015,11,3,2015110220,필라델피아,100
2015,11,3,2015110220,클리블랜드,100
2015,11,3,2015110217,브루클린,96
2015,11,3,2015110217,밀워키,96
2015,11,3,2015110218,뉴욕,84
2015,11,3,2015110218,샌안토니오,84
2015,11,3,2015110210,휴스턴,110
2015,11,3,2015110210,오클라호마 시티,110
2015,11,3,2015110216,미네소타,101
2015,11,3,2015110216,포틀랜드 트레일,101
2015,11,3,2015110209,골든스테이트,119
2015,11,3,2015110209,멤피스,119
2015,11,3,2015110212,LA클리퍼스,102
2015,11,3,2015110212,피닉스,102
2015,11,4,2015110330,샬럿,130
2015,11,4,2015110330,시카고,130
2015,11,4,2015110308,디트로이트,82
2015,11,4,2015110308,인디애나,82
2015,11,4,2015110314,마이애미,92
2015,11,4,2015110314,애틀랜타,92
2015,11,4,2015110303,뉴올리언즈,94
2015,11,4,2015110303,올랜도,94
2015,11,4,2015110306,댈러스,91
2015,11,4,2015110306,토론토,91
2015,11,4,2015110323,새크라멘토,89
2015,11,4,2015110323,멤피스,89
2015,11,4,2015110313,LA레이커스,109
2015,11,4,2015110313,덴버,109
2015,11,5,2015110411,인디애나,100
2015,11,5,2015110411,보스턴,100
2015,11,5,2015110427,워싱턴,102
2015,11,5,2015110427,샌안토니오,102
2015,11,5,2015110401,애틀랜타,101
2015,11,5,2015110401,브루클린,101
2015,11,5,2015110405,클리블랜드,96
2015,11,5,2015110405,뉴욕,96
2015,11,5,2015110410,휴스턴,119
2015,11,5,2015110410,올랜도,119
2015,11,5,2015110415,밀워키,91
2015,11,5,2015110415,필라델피아,91
2015,11,5,2015110425,오클라호마 시티,98
2015,11,5,2015110425,토론토,98
2015,11,5,2015110421,피닉스,118
2015,11,5,2015110421,새크라멘토,118
2015,11,5,2015110426,유타,92
2015,11,5,2015110426,포틀랜드 트레일,92
2015,11,5,2015110409,골든스테이트,112
2015,11,5,2015110409,LA클리퍼스,112
2015,11,6,2015110504,시카고,104
2015,11,6,2015110504,오클라호마 시티,104
2015,11,6,2015110516,미네소타,84
2015,11,6,2015110516,마이애미,84
2015,11,6,2015110506,댈러스,94
2015,11,6,2015110506,샬럿,94
2015,11,6,2015110507,덴버,84
2015,11,6,2015110507,유타,84
2015,11,6,2015110522,포틀랜드 트레일,115
2015,11,6,2015110522,멤피스,115
2015,11,7,2015110619,올랜도,92
2015,11,7,2015110619,토론토,92
2015,11,7,2015110602,보스턴,118
2015,11,7,2015110602,워싱턴,118
2015,11,7,2015110605,클리블랜드,108
2015,11,7,2015110605,필라델피아,108
2015,11,7,2015110617,브루클린,98
2015,11,7,2015110617,LA레이커스,98
2015,11,7,2015110618,뉴욕,92
2015,11,7,2015110618,밀워키,92
2015,11,7,2015110603,뉴올리언즈,115
2015,11,7,2015110603,애틀랜타,115
2015,11,7,2015110611,인디애나,90
2015,11,7,2015110611,마이애미,90
2015,11,7,2015110621,피닉스,92
2015,11,7,2015110621,디트로이트,92
2015,11,7,2015110609,골든스테이트,119
2015,11,7,2015110609,덴버,119
2015,11,7,2015110623,새크라멘토,110
2015,11,7,2015110623,휴스턴,110
2015,11,8,2015110704,시카고,93
2015,11,8,2015110704,미네소타,93
2015,11,8,2015110720,필라델피아,97
2015,11,8,2015110720,올랜도,97
2015,11,8,2015110701,애틀랜타,114
2015,11,8,2015110701,워싱턴,114
2015,11,8,2015110706,댈러스,107
2015,11,8,2015110706,뉴올리언즈,107
2015,11,8,2015110715,밀워키,94
2015,11,8,2015110715,브루클린,94
2015,11,8,2015110724,샌안토니오,114
2015,11,8,2015110724,샬럿,114
2015,11,8,2015110726,유타,89
2015,11,8,2015110726,멤피스,89
2015,11,8,2015110723,새크라멘토,94
2015,11,8,2015110723,골든스테이트,94
2015,11,8,2015110712,LA클리퍼스,105
2015,11,8,2015110712,휴스턴,105
2015,11,9,2015110805,클리블랜드,101
2015,11,9,2015110805,인디애나,101
2015,11,9,2015110818,뉴욕,99
2015,11,9,2015110818,LA레이커스,99
2015,11,9,2015110814,마이애미,96
2015,11,9,2015110814,토론토,96
2015,11,9,2015110825,오클라호마 시티,124
2015,11,9,2015110825,피닉스,124
2015,11,9,2015110822,포틀랜드 트레일,103
2015,11,9,2015110822,디트로이트,103
2015,11,10,2015110911,인디애나,97
2015,11,10,2015110911,올랜도,97
2015,11,10,2015110920,필라델피아,88
2015,11,10,2015110920,시카고,88
2015,11,10,2015110901,애틀랜타,107
2015,11,10,2015110901,미네소타,107
2015,11,10,2015110907,덴버,108
2015,11,10,2015110907,포틀랜드 트레일,108
2015,11,10,2015110923,새크라멘토,88
2015,11,10,2015110923,샌안토니오,88
2015,11,10,2015110909,골든스테이트,109
2015,11,10,2015110909,디트로이트,109
2015,11,10,2015110912,LA클리퍼스,94
2015,11,10,2015110912,멤피스,94
2015,11,11,2015111005,클리블랜드,118
2015,11,11,2015111005,유타,118
2015,11,11,2015111027,워싱턴,101
2015,11,11,2015111027,오클라호마 시티,101
2015,11,11,2015111014,마이애미,101
2015,11,11,2015111014,LA레이커스,101
2015,11,11,2015111028,토론토,109
2015,11,11,2015111028,뉴욕,109
2015,11,11,2015111003,뉴올리언즈,120
2015,11,11,2015111003,댈러스,120
2015,11,11,2015111015,밀워키,83
2015,11,11,2015111015,보스턴,83
2015,11,11,2015111016,미네소타,95
2015,11,11,2015111016,샬럿,95
2015,11,12,2015111119,올랜도,101
2015,11,12,2015111119,LA레이커스,101
2015,11,12,2015111120,필라델피아,103
2015,11,12,2015111120,토론토,103
2015,11,12,2015111130,샬럿,95
2015,11,12,2015111130,뉴욕,95
2015,11,12,2015111102,보스턴,91
2015,11,12,2015111102,인디애나,91
2015,11,12,2015111101,애틀랜타,106
2015,11,12,2015111101,뉴올리언즈,106
2015,11,12,2015111106,댈러스,118
2015,11,12,2015111106,LA클리퍼스,118
2015,11,12,2015111110,휴스턴,98
2015,11,12,2015111110,브루클린,98
2015,11,12,2015111129,멤피스,84
2015,11,12,2015111129,골든스테이트,84
2015,11,12,2015111107,덴버,103
2015,11,12,2015111107,밀워키,103
2015,11,12,2015111123,새크라멘토,101
2015,11,12,2015111123,디트로이트,101
2015,11,12,2015111122,포틀랜드 트레일,101
2015,11,12,2015111122,샌안토니오,101
2015,11,13,2015111214,마이애미,92
2015,11,13,2015111214,유타,92
2015,11,13,2015111216,미네소타,116
2015,11,13,2015111216,골든스테이트,116
2015,11,13,2015111221,피닉스,118
2015,11,13,2015111221,LA클리퍼스,118
2015,11,14,2015111311,인디애나,107
2015,11,14,2015111311,미네소타,107
2015,11,14,2015111319,올랜도,102
2015,11,14,2015111319,유타,102
2015,11,14,2015111302,보스턴,106
2015,11,14,2015111302,애틀랜타,106
2015,11,14,2015111318,뉴욕,84
2015,11,14,2015111318,클리블랜드,84
2015,11,14,2015111328,토론토,100
2015,11,14,2015111328,뉴올리언즈,100
2015,11,14,2015111304,시카고,102
2015,11,14,2015111304,샬럿,102
2015,11,14,2015111325,오클라호마 시티,102
2015,11,14,2015111325,필라델피아,102
2015,11,14,2015111329,멤피스,101
2015,11,14,2015111329,포틀랜드 트레일,101
2015,11,14,2015111306,댈러스,90
2015,11,14,2015111306,LA레이커스,90
2015,11,14,2015111307,덴버,107
2015,11,14,2015111307,휴스턴,107
2015,11,14,2015111323,새크라멘토,111
2015,11,14,2015111323,브루클린,111
2015,11,15,2015111412,LA클리퍼스,101
2015,11,15,2015111412,디트로이트,101
2015,11,15,2015111427,워싱턴,108
2015,11,15,2015111427,올랜도,108
2015,11,15,2015111410,휴스턴,98
2015,11,15,2015111410,댈러스,98
2015,11,15,2015111415,밀워키,108
2015,11,15,2015111415,클리블랜드,108
2015,11,15,2015111424,샌안토니오,92
2015,11,15,2015111424,필라델피아,92
2015,11,15,2015111421,피닉스,105
2015,11,15,2015111421,덴버,105
2015,11,15,2015111409,골든스테이트,107
2015,11,15,2015111409,브루클린,107
2015,11,16,2015111518,뉴욕,95
2015,11,16,2015111518,뉴올리언즈,95
2015,11,16,2015111516,미네소타,106
2015,11,16,2015111516,멤피스,106
2015,11,16,2015111530,샬럿,106
2015,11,16,2015111530,포틀랜드 트레일,106
2015,11,16,2015111501,애틀랜타,96
2015,11,16,2015111501,유타,96
2015,11,16,2015111525,오클라호마 시티,85
2015,11,16,2015111525,보스턴,85
2015,11,16,2015111523,새크라멘토,107
2015,11,16,2015111523,토론토,107
2015,11,16,2015111513,LA레이커스,97
2015,11,16,2015111513,디트로이트,97
2015,11,17,2015111620,필라델피아,86
2015,11,17,2015111620,댈러스,86
2015,11,17,2015111604,시카고,96
2015,11,17,2015111604,인디애나,96
2015,11,17,2015111610,휴스턴,95
2015,11,17,2015111610,보스턴,95
2015,11,17,2015111629,멤피스,122
2015,11,17,2015111629,오클라호마 시티,122
2015,11,17,2015111624,샌안토니오,93
2015,11,17,2015111624,포틀랜드 트레일,93
2015,11,17,2015111621,피닉스,120
2015,11,17,2015111621,LA레이커스,120
2015,11,18,2015111727,워싱턴,115
2015,11,18,2015111727,밀워키,115
2015,11,18,2015111708,디트로이트,104
2015,11,18,2015111708,클리블랜드,104
2015,11,18,2015111714,마이애미,91
2015,11,18,2015111714,미네소타,91
2015,11,18,2015111717,브루클린,90
2015,11,18,2015111717,애틀랜타,90
2015,11,18,2015111718,뉴욕,102
2015,11,18,2015111718,샬럿,102
2015,11,18,2015111703,뉴올리언즈,98
2015,11,18,2015111703,덴버,98
2015,11,18,2015111709,골든스테이트,115
2015,11,18,2015111709,토론토,115
2015,11,19,2015111819,올랜도,104
2015,11,19,2015111819,미네소타,104
2015,11,19,2015111820,필라델피아,85
2015,11,19,2015111820,인디애나,85
2015,11,19,2015111830,샬럿,116
2015,11,19,2015111830,브루클린,116
2015,11,19,2015111802,보스턴,102
2015,11,19,2015111802,댈러스,102
2015,11,19,2015111801,애틀랜타,103
2015,11,19,2015111801,새크라멘토,103
2015,11,19,2015111810,휴스턴,108
2015,11,19,2015111810,포틀랜드 트레일,108
2015,11,19,2015111825,오클라호마 시티,110
2015,11,19,2015111825,뉴올리언즈,110
2015,11,19,2015111824,샌안토니오,109
2015,11,19,2015111824,덴버,109
2015,11,19,2015111826,유타,93
2015,11,19,2015111826,토론토,93
2015,11,19,2015111821,피닉스,97
2015,11,19,2015111821,시카고,97
2015,11,20,2015111914,마이애미,116
2015,11,20,2015111914,새크라멘토,116
2015,11,20,2015111905,클리블랜드,115
2015,11,20,2015111905,밀워키,115
2015,11,20,2015111912,LA클리퍼스,117
2015,11,20,2015111912,골든스테이트,117
2015,11,21,2015112030,샬럿,113
2015,11,21,2015112030,필라델피아,113
2015,11,21,2015112002,보스턴,120
2015,11,21,2015112002,브루클린,120
2015,11,21,2015112003,뉴올리언즈,104
2015,11,21,2015112003,샌안토니오,104
2015,11,21,2015112016,미네소타,86
2015,11,21,2015112016,디트로이트,86
2015,11,21,2015112025,오클라호마 시티,90
2015,11,21,2015112025,뉴욕,90
2015,11,21,2015112029,멤피스,96
2015,11,21,2015112029,휴스턴,96
2015,11,21,2015112006,댈러스,102
2015,11,21,2015112006,유타,102
2015,11,21,2015112007,덴버,107
2015,11,21,2015112007,피닉스,107
2015,11,21,2015112022,포틀랜드 트레일,102
2015,11,21,2015112022,LA클리퍼스,102
2015,11,21,2015112009,골든스테이트,106
2015,11,21,2015112009,시카고,106
2015,11,21,2015112013,LA레이커스,91
2015,11,21,2015112013,토론토,91
2015,11,22,2015112119,올랜도,91
2015,11,22,2015112119,새크라멘토,91
2015,11,22,2015112111,인디애나,123
2015,11,22,2015112111,밀워키,123
2015,11,22,2015112105,클리블랜드,109
2015,11,22,2015112105,애틀랜타,109
2015,11,22,2015112108,디트로이트,95
2015,11,22,2015112108,워싱턴,95
2015,11,22,2015112110,휴스턴,102
2015,11,22,2015112110,뉴욕,102
2015,11,22,2015112114,마이애미,96
2015,11,22,2015112114,필라델피아,96
2015,11,22,2015112124,샌안토니오,92
2015,11,22,2015112124,멤피스,92
2015,11,23,2015112212,LA클리퍼스,80
2015,11,23,2015112212,토론토,80
2015,11,23,2015112203,뉴올리언즈,122
2015,11,23,2015112203,피닉스,122
2015,11,23,2015112217,브루클린,111
2015,11,23,2015112217,보스턴,111
2015,11,23,2015112225,오클라호마 시티,117
2015,11,23,2015112225,댈러스,117
2015,11,23,2015112207,덴버,105
2015,11,23,2015112207,골든스테이트,105
2015,11,23,2015112213,LA레이커스,93
2015,11,23,2015112213,포틀랜드 트레일,93
2015,11,24,2015112305,클리블랜드,117
2015,11,24,2015112305,올랜도,117
2015,11,24,2015112330,샬럿,127
2015,11,24,2015112330,새크라멘토,127
2015,11,24,2015112314,마이애미,95
2015,11,24,2015112314,뉴욕,95
2015,11,24,2015112315,밀워키,109
2015,11,24,2015112315,디트로이트,109
2015,11,24,2015112316,미네소타,100
2015,11,24,2015112316,필라델피아,100
2015,11,24,2015112324,샌안토니오,98
2015,11,24,2015112324,피닉스,98
2015,11,24,2015112326,유타,89
2015,11,24,2015112326,오클라호마 시티,89
2015,11,25,2015112427,워싱턴,106
2015,11,25,2015112427,인디애나,106
2015,11,25,2015112401,애틀랜타,121
2015,11,25,2015112401,보스턴,121
2015,11,25,2015112429,멤피스,110
2015,11,25,2015112429,댈러스,110
2015,11,25,2015112407,덴버,94
2015,11,25,2015112407,LA클리퍼스,94
2015,11,25,2015112422,포틀랜드 트레일,88
2015,11,25,2015112422,시카고,88
2015,11,25,2015112409,골든스테이트,111
2015,11,25,2015112409,LA레이커스,111
2015,11,26,2015112519,올랜도,100
2015,11,26,2015112519,뉴욕,100
2015,11,26,2015112530,샬럿,101
2015,11,26,2015112530,워싱턴,101
2015,11,26,2015112502,보스턴,84
2015,11,26,2015112502,필라델피아,84
2015,11,26,2015112508,디트로이트,104
2015,11,26,2015112508,마이애미,104
2015,11,26,2015112528,토론토,103
2015,11,26,2015112528,클리블랜드,103
2015,11,26,2015112510,휴스턴,93
2015,11,26,2015112510,멤피스,93
2015,11,26,2015112515,밀워키,118
2015,11,26,2015112515,새크라멘토,118
2015,11,26,2015112516,미네소타,99
2015,11,26,2015112516,애틀랜타,99
2015,11,26,2015112525,오클라호마 시티,110
2015,11,26,2015112525,브루클린,110
2015,11,26,2015112524,샌안토니오,88
2015,11,26,2015112524,댈러스,88
2015,11,26,2015112521,피닉스,114
2015,11,26,2015112521,뉴올리언즈,114
2015,11,26,2015112512,LA클리퍼스,91
2015,11,26,2015112512,유타,91
2015,11,28,2015112719,올랜도,114
2015,11,28,2015112719,밀워키,114
2015,11,28,2015112730,샬럿,90
2015,11,28,2015112730,클리블랜드,90
2015,11,28,2015112702,보스턴,111
2015,11,28,2015112702,워싱턴,111
2015,11,28,2015112718,뉴욕,78
2015,11,28,2015112718,마이애미,78
2015,11,28,2015112710,휴스턴,116
2015,11,28,2015112710,필라델피아,116
2015,11,28,2015112711,인디애나,104
2015,11,28,2015112711,시카고,104
2015,11,28,2015112725,오클라호마 시티,103
2015,11,28,2015112725,디트로이트,103
2015,11,28,2015112729,멤피스,101
2015,11,28,2015112729,애틀랜타,101
2015,11,28,2015112707,덴버,80
2015,11,28,2015112707,샌안토니오,80
2015,11,28,2015112721,피닉스,116
2015,11,28,2015112721,골든스테이트,116
2015,11,28,2015112723,새크라멘토,91
2015,11,28,2015112723,미네소타,91
2015,11,28,2015112712,LA클리퍼스,111
2015,11,28,2015112712,뉴올리언즈,111
2015,11,29,2015112827,워싱턴,82
2015,11,29,2015112827,토론토,82
2015,11,29,2015112805,클리블랜드,90
2015,11,29,2015112805,브루클린,90
2015,11,29,2015112806,댈러스,92
2015,11,29,2015112806,덴버,92
2015,11,29,2015112824,샌안토니오,108
2015,11,29,2015112824,애틀랜타,108
2015,11,29,2015112826,유타,101
2015,11,29,2015112826,뉴올리언즈,101
2015,11,29,2015112822,포틀랜드 트레일,108
2015,11,29,2015112822,LA레이커스,108
2015,11,29,2015112809,골든스테이트,120
2015,11,29,2015112809,새크라멘토,120
2015,11,30,2015112930,샬럿,87
2015,11,30,2015112930,밀워키,87
2015,11,30,2015112912,LA클리퍼스,107
2015,11,30,2015112912,미네소타,107
2015,11,30,2015112917,브루클린,87
2015,11,30,2015112917,디트로이트,87
2015,11,30,2015112919,올랜도,110
2015,11,30,2015112919,보스턴,110
2015,11,30,2015112928,토론토,102
2015,11,30,2015112928,피닉스,102
2015,11,30,2015112929,멤피스,92
2015,11,30,2015112929,필라델피아,92
2015,11,30,2015112918,뉴욕,111
2015,11,30,2015112918,휴스턴,111
2015,11,30,2015112913,LA레이커스,103
2015,11,30,2015112913,인디애나,103
2015,12,1,2015113008,디트로이트,116
2015,12,1,2015113008,휴스턴,116
2015,12,1,2015113014,마이애미,95
2015,12,1,2015113014,보스턴,95
2015,12,1,2015113001,애틀랜타,106
2015,12,1,2015113001,오클라호마 시티,106
2015,12,1,2015113004,시카고,92
2015,12,1,2015113004,샌안토니오,92
2015,12,1,2015113015,밀워키,92
2015,12,1,2015113015,덴버,92
2015,12,1,2015113026,유타,103
2015,12,1,2015113026,골든스테이트,103
2015,12,1,2015113023,새크라멘토,112
2015,12,1,2015113023,댈러스,112
2015,12,1,2015113012,LA클리퍼스,102
2015,12,1,2015113012,포틀랜드 트레일,102
2015,12,2,2015120105,클리블랜드,85
2015,12,2,2015120105,워싱턴,85
2015,12,2,2015120120,필라델피아,103
2015,12,2,2015120120,LA레이커스,103
2015,12,2,2015120117,브루클린,94
2015,12,2,2015120117,피닉스,94
2015,12,2,2015120103,뉴올리언즈,104
2015,12,2,2015120103,멤피스,104
2015,12,2,2015120116,미네소타,93
2015,12,2,2015120116,올랜도,93
2015,12,2,2015120122,포틀랜드 트레일,112
2015,12,2,2015120122,댈러스,112
2015,12,3,2015120227,워싱턴,104
2015,12,3,2015120227,LA레이커스,104
2015,12,3,2015120230,샬럿,99
2015,12,3,2015120230,골든스테이트,99
2015,12,3,2015120208,디트로이트,127
2015,12,3,2015120208,피닉스,127
2015,12,3,2015120218,뉴욕,99
2015,12,3,2015120218,필라델피아,99
2015,12,3,2015120201,애틀랜타,86
2015,12,3,2015120201,토론토,86
2015,12,3,2015120204,시카고,99
2015,12,3,2015120204,덴버,99
2015,12,3,2015120210,휴스턴,108
2015,12,3,2015120210,뉴올리언즈,108
2015,12,3,2015120224,샌안토니오,95
2015,12,3,2015120224,밀워키,95
2015,12,3,2015120212,LA클리퍼스,91
2015,12,3,2015120212,인디애나,91
2015,12,4,2015120314,마이애미,97
2015,12,4,2015120314,오클라호마 시티,97
2015,12,4,2015120328,토론토,105
2015,12,4,2015120328,덴버,105
2015,12,4,2015120326,유타,94
2015,12,4,2015120326,올랜도,94
2015,12,4,2015120329,멤피스,83
2015,12,4,2015120329,샌안토니오,83
2015,12,4,2015120322,포틀랜드 트레일,123
2015,12,4,2015120322,인디애나,123
2015,12,4,2015120323,새크라멘토,97
2015,12,4,2015120323,보스턴,97
2015,12,5,2015120418,뉴욕,108
2015,12,5,2015120418,브루클린,108
2015,12,5,2015120427,워싱턴,109
2015,12,5,2015120427,피닉스,109
2015,12,5,2015120408,디트로이트,102
2015,12,5,2015120408,밀워키,102
2015,12,5,2015120401,애틀랜타,100
2015,12,5,2015120401,LA레이커스,100
2015,12,5,2015120406,댈러스,96
2015,12,5,2015120406,휴스턴,96
2015,12,5,2015120403,뉴올리언즈,114
2015,12,5,2015120403,클리블랜드,114
2015,12,6,2015120520,필라델피아,105
2015,12,6,2015120520,덴버,105
2015,12,6,2015120528,토론토,109
2015,12,6,2015120528,골든스테이트,109
2015,12,6,2015120504,시카고,96
2015,12,6,2015120504,샬럿,96
2015,12,6,2015120510,휴스턴,120
2015,12,6,2015120510,새크라멘토,120
2015,12,6,2015120514,마이애미,99
2015,12,6,2015120514,클리블랜드,99
2015,12,6,2015120516,미네소타,103
2015,12,6,2015120516,포틀랜드 트레일,103
2015,12,6,2015120515,밀워키,106
2015,12,6,2015120515,뉴욕,106
2015,12,6,2015120524,샌안토니오,108
2015,12,6,2015120524,보스턴,108
2015,12,6,2015120526,유타,122
2015,12,6,2015120526,인디애나,122
2015,12,6,2015120512,LA클리퍼스,103
2015,12,6,2015120512,올랜도,103
2015,12,7,2015120629,멤피스,95
2015,12,7,2015120629,피닉스,95
2015,12,7,2015120608,디트로이트,111
2015,12,7,2015120608,LA레이커스,111
2015,12,7,2015120617,브루클린,98
2015,12,7,2015120617,골든스테이트,98
2015,12,7,2015120627,워싱턴,104
2015,12,7,2015120627,댈러스,104
2015,12,7,2015120625,오클라호마 시티,98
2015,12,7,2015120625,새크라멘토,98
2015,12,8,2015120720,필라델피아,68
2015,12,8,2015120720,샌안토니오,68
2015,12,8,2015120730,샬럿,104
2015,12,8,2015120730,디트로이트,104
2015,12,8,2015120714,마이애미,103
2015,12,8,2015120714,워싱턴,103
2015,12,8,2015120718,뉴욕,97
2015,12,8,2015120718,댈러스,97
2015,12,8,2015120728,토론토,102
2015,12,8,2015120728,LA레이커스,102
2015,12,8,2015120703,뉴올리언즈,93
2015,12,8,2015120703,보스턴,93
2015,12,8,2015120704,시카고,101
2015,12,8,2015120704,피닉스,101
2015,12,8,2015120715,밀워키,90
2015,12,8,2015120715,포틀랜드 트레일,90
2015,12,8,2015120716,미네소타,106
2015,12,8,2015120716,LA클리퍼스,106
2015,12,9,2015120805,클리블랜드,105
2015,12,9,2015120805,포틀랜드 트레일,105
2015,12,9,2015120811,인디애나,123
2015,12,9,2015120811,골든스테이트,123
2015,12,9,2015120817,브루클린,110
2015,12,9,2015120817,휴스턴,110
2015,12,9,2015120829,멤피스,88
2015,12,9,2015120829,오클라호마 시티,88
2015,12,9,2015120807,덴버,74
2015,12,9,2015120807,올랜도,74
2015,12,9,2015120823,새크라멘토,114
2015,12,9,2015120823,유타,114
2015,12,10,2015120902,보스턴,105
2015,12,10,2015120902,시카고,105
2015,12,10,2015120927,워싱턴,103
2015,12,10,2015120927,휴스턴,103
2015,12,10,2015120930,샬럿,99
2015,12,10,2015120930,마이애미,99
2015,12,10,2015120908,디트로이트,92
2015,12,10,2015120908,멤피스,92
2015,12,10,2015120928,토론토,97
2015,12,10,2015120928,샌안토니오,97
2015,12,10,2015120915,밀워키,95
2015,12,10,2015120915,LA클리퍼스,95
2015,12,10,2015120916,미네소타,123
2015,12,10,2015120916,LA레이커스,123
2015,12,10,2015120921,피닉스,107
2015,12,10,2015120921,올랜도,107
2015,12,10,2015120926,유타,106
2015,12,10,2015120926,뉴욕,106
2015,12,10,2015120906,댈러스,95
2015,12,10,2015120906,애틀랜타,95
2015,12,11,2015121017,브루클린,100
2015,12,11,2015121017,필라델피아,100
2015,12,11,2015121004,시카고,83
2015,12,11,2015121004,LA클리퍼스,83
2015,12,11,2015121025,오클라호마 시티,107
2015,12,11,2015121025,애틀랜타,107
2015,12,11,2015121023,새크라멘토,99
2015,12,11,2015121023,뉴욕,99
2015,12,12,2015121111,인디애나,96
2015,12,12,2015121111,마이애미,96
2015,12,12,2015121119,올랜도,76
2015,12,12,2015121119,클리블랜드,76
2015,12,12,2015121120,필라델피아,95
2015,12,12,2015121120,디트로이트,95
2015,12,12,2015121102,보스턴,119
2015,12,12,2015121102,골든스테이트,119
2015,12,12,2015121128,토론토,90
2015,12,12,2015121128,밀워키,90
2015,12,12,2015121103,뉴올리언즈,107
2015,12,12,2015121103,워싱턴,107
2015,12,12,2015121129,멤피스,99
2015,12,12,2015121129,샬럿,99
2015,12,12,2015121107,덴버,111
2015,12,12,2015121107,미네소타,111
2015,12,12,2015121126,유타,90
2015,12,12,2015121126,오클라호마 시티,90
2015,12,12,2015121121,피닉스,96
2015,12,12,2015121121,포틀랜드 트레일,96
2015,12,12,2015121124,샌안토니오,109
2015,12,12,2015121124,LA레이커스,109
2015,12,13,2015121217,브루클린,100
2015,12,13,2015121217,LA클리퍼스,100
2015,12,13,2015121230,샬럿,93
2015,12,13,2015121230,보스턴,93
2015,12,13,2015121208,디트로이트,118
2015,12,13,2015121208,인디애나,118
2015,12,13,2015121201,애틀랜타,78
2015,12,13,2015121201,샌안토니오,78
2015,12,13,2015121204,시카고,98
2015,12,13,2015121204,뉴올리언즈,98
2015,12,13,2015121210,휴스턴,126
2015,12,13,2015121210,LA레이커스,126
2015,12,13,2015121206,댈러스,111
2015,12,13,2015121206,워싱턴,111
2015,12,13,2015121215,밀워키,108
2015,12,13,2015121215,골든스테이트,108
2015,12,13,2015121222,포틀랜드 트레일,110
2015,12,13,2015121222,뉴욕,110
2015,12,14,2015121321,피닉스,108
2015,12,14,2015121321,미네소타,108
2015,12,14,2015121314,마이애미,100
2015,12,14,2015121314,멤피스,100
2015,12,14,2015121328,토론토,96
2015,12,14,2015121328,필라델피아,96
2015,12,14,2015121325,오클라호마 시티,104
2015,12,14,2015121325,유타,104
2015,12,15,2015121411,인디애나,106
2015,12,15,2015121411,토론토,106
2015,12,15,2015121408,디트로이트,103
2015,12,15,2015121408,LA클리퍼스,103
2015,12,15,2015121417,브루클린,82
2015,12,15,2015121417,올랜도,82
2015,12,15,2015121401,애틀랜타,88
2015,12,15,2015121401,마이애미,88
2015,12,15,2015121404,시카고,115
2015,12,15,2015121404,필라델피아,115
2015,12,15,2015121429,멤피스,112
2015,12,15,2015121429,워싱턴,112
2015,12,15,2015121406,댈러스,104
2015,12,15,2015121406,피닉스,104
2015,12,15,2015121424,샌안토니오,118
2015,12,15,2015121424,유타,118
2015,12,15,2015121407,덴버,114
2015,12,15,2015121407,휴스턴,114
2015,12,15,2015121422,포틀랜드 트레일,105
2015,12,15,2015121422,뉴올리언즈,105
2015,12,16,2015121502,보스턴,77
2015,12,16,2015121502,클리블랜드,77
2015,12,16,2015121516,미네소타,100
2015,12,16,2015121516,덴버,100
2015,12,16,2015121523,새크라멘토,107
2015,12,16,2015121523,휴스턴,107
2015,12,16,2015121513,LA레이커스,113
2015,12,16,2015121513,밀워키,113
2015,12,17,2015121611,인디애나,107
2015,12,17,2015121611,댈러스,107
2015,12,17,2015121619,올랜도,113
2015,12,17,2015121619,샬럿,113
2015,12,17,2015121608,디트로이트,119
2015,12,17,2015121608,보스턴,119
2015,12,17,2015121617,브루클린,98
2015,12,17,2015121617,마이애미,98
2015,12,17,2015121618,뉴욕,107
2015,12,17,2015121618,미네소타,107
2015,12,17,2015121601,애틀랜타,127
2015,12,17,2015121601,필라델피아,127
2015,12,17,2015121604,시카고,98
2015,12,17,2015121604,멤피스,98
2015,12,17,2015121625,오클라호마 시티,106
2015,12,17,2015121625,포틀랜드 트레일,106
2015,12,17,2015121624,샌안토니오,114
2015,12,17,2015121624,워싱턴,114
2015,12,17,2015121626,유타,94
2015,12,17,2015121626,뉴올리언즈,94
2015,12,17,2015121609,골든스테이트,128
2015,12,17,2015121609,피닉스,128
2015,12,17,2015121612,LA클리퍼스,103
2015,12,17,2015121612,밀워키,103
2015,12,18,2015121730,샬럿,109
2015,12,18,2015121730,토론토,109
2015,12,18,2015121705,클리블랜드,104
2015,12,18,2015121705,오클라호마 시티,104
2015,12,18,2015121713,LA레이커스,87
2015,12,18,2015121713,휴스턴,87
2015,12,19,2015121811,인디애나,104
2015,12,19,2015121811,브루클린,104
2015,12,19,2015121819,올랜도,102
2015,12,19,2015121819,포틀랜드 트레일,102
2015,12,19,2015121820,필라델피아,97
2015,12,19,2015121820,뉴욕,97
2015,12,19,2015121802,보스턴,101
2015,12,19,2015121802,애틀랜타,101
2015,12,19,2015121804,시카고,144
2015,12,19,2015121804,디트로이트,144
2015,12,19,2015121814,마이애미,94
2015,12,19,2015121814,토론토,94
2015,12,19,2015121816,미네소타,99
2015,12,19,2015121816,새크라멘토,99
2015,12,19,2015121824,샌안토니오,115
2015,12,19,2015121824,LA클리퍼스,115
2015,12,19,2015121806,댈러스,97
2015,12,19,2015121806,멤피스,97
2015,12,19,2015121826,유타,97
2015,12,19,2015121826,덴버,97
2015,12,19,2015121809,골든스테이트,121
2015,12,19,2015121809,밀워키,121
2015,12,19,2015121821,피닉스,104
2015,12,19,2015121821,뉴올리언즈,104
2015,12,20,2015121925,오클라호마 시티,118
2015,12,20,2015121925,LA레이커스,118
2015,12,20,2015121927,워싱턴,109
2015,12,20,2015121927,샬럿,109
2015,12,20,2015121918,뉴욕,107
2015,12,20,2015121918,시카고,107
2015,12,20,2015121910,휴스턴,107
2015,12,20,2015121910,LA클리퍼스,107
2015,12,20,2015121929,멤피스,96
2015,12,20,2015121929,인디애나,96
2015,12,21,2015122014,마이애미,116
2015,12,21,2015122014,포틀랜드 트레일,116
2015,12,21,2015122017,브루클린,85
2015,12,21,2015122017,미네소타,85
2015,12,21,2015122005,클리블랜드,108
2015,12,21,2015122005,필라델피아,108
2015,12,21,2015122021,피닉스,95
2015,12,21,2015122021,밀워키,95
2015,12,21,2015122019,올랜도,100
2015,12,21,2015122019,애틀랜타,100
2015,12,21,2015122028,토론토,94
2015,12,21,2015122028,새크라멘토,94
2015,12,21,2015122007,덴버,125
2015,12,21,2015122007,뉴올리언즈,125
2015,12,22,2015122127,워싱턴,113
2015,12,22,2015122127,새크라멘토,113
2015,12,22,2015122102,보스턴,113
2015,12,22,2015122102,미네소타,113
2015,12,22,2015122118,뉴욕,99
2015,12,22,2015122118,올랜도,99
2015,12,22,2015122101,애틀랜타,106
2015,12,22,2015122101,포틀랜드 트레일,106
2015,12,22,2015122104,시카고,102
2015,12,22,2015122104,브루클린,102
2015,12,22,2015122110,휴스턴,102
2015,12,22,2015122110,샬럿,102
2015,12,22,2015122124,샌안토니오,106
2015,12,22,2015122124,인디애나,106
2015,12,22,2015122126,유타,110
2015,12,22,2015122126,피닉스,110
2015,12,22,2015122112,LA클리퍼스,99
2015,12,22,2015122112,오클라호마 시티,99
2015,12,23,2015122220,필라델피아,90
2015,12,23,2015122220,멤피스,90
2015,12,23,2015122214,마이애미,92
2015,12,23,2015122214,디트로이트,92
2015,12,23,2015122228,토론토,103
2015,12,23,2015122228,댈러스,103
2015,12,23,2015122207,덴버,107
2015,12,23,2015122207,LA레이커스,107
2015,12,24,2015122305,클리블랜드,91
2015,12,24,2015122305,뉴욕,91
2015,12,24,2015122311,인디애나,106
2015,12,24,2015122311,새크라멘토,106
2015,12,24,2015122319,올랜도,104
2015,12,24,2015122319,휴스턴,104
2015,12,24,2015122327,워싱턴,100
2015,12,24,2015122327,멤피스,100
2015,12,24,2015122330,샬럿,89
2015,12,24,2015122330,보스턴,89
2015,12,24,2015122317,브루클린,118
2015,12,24,2015122317,댈러스,118
2015,12,24,2015122301,애틀랜타,107
2015,12,24,2015122301,디트로이트,107
2015,12,24,2015122303,뉴올리언즈,115
2015,12,24,2015122303,포틀랜드 트레일,115
2015,12,24,2015122315,밀워키,113
2015,12,24,2015122315,필라델피아,113
2015,12,24,2015122316,미네소타,83
2015,12,24,2015122316,샌안토니오,83
2015,12,24,2015122321,피닉스,96
2015,12,24,2015122321,덴버,96
2015,12,24,2015122309,골든스테이트,103
2015,12,24,2015122309,유타,103
2015,12,24,2015122313,LA레이커스,85
2015,12,24,2015122313,오클라호마 시티,85
2015,12,26,2015122514,마이애미,94
2015,12,26,2015122514,뉴올리언즈,94
2015,12,26,2015122525,오클라호마 시티,96
2015,12,26,2015122525,시카고,96
2015,12,26,2015122509,골든스테이트,89
2015,12,26,2015122509,클리블랜드,89
2015,12,26,2015122510,휴스턴,88
2015,12,26,2015122510,샌안토니오,88
2015,12,26,2015122513,LA레이커스,84
2015,12,26,2015122513,LA클리퍼스,84
2015,12,27,2015122617,브루클린,96
2015,12,27,2015122617,워싱턴,96
2015,12,27,2015122615,밀워키,90
2015,12,27,2015122615,토론토,90
2015,12,27,2015122603,뉴올리언즈,110
2015,12,27,2015122603,휴스턴,110
2015,12,27,2015122619,올랜도,101
2015,12,27,2015122619,마이애미,101
2015,12,27,2015122630,샬럿,98
2015,12,27,2015122630,멤피스,98
2015,12,27,2015122601,애틀랜타,117
2015,12,27,2015122601,뉴욕,117
2015,12,27,2015122608,디트로이트,93
2015,12,27,2015122608,보스턴,93
2015,12,27,2015122616,미네소타,88
2015,12,27,2015122616,인디애나,88
2015,12,27,2015122606,댈러스,118
2015,12,27,2015122606,시카고,118
2015,12,27,2015122624,샌안토니오,101
2015,12,27,2015122624,덴버,101
2015,12,27,2015122621,피닉스,104
2015,12,27,2015122621,필라델피아,104
2015,12,27,2015122626,유타,104
2015,12,27,2015122626,LA클리퍼스,104
2015,12,27,2015122622,포틀랜드 트레일,105
2015,12,27,2015122622,클리블랜드,105
2015,12,28,2015122729,멤피스,112
2015,12,28,2015122729,LA레이커스,112
2015,12,28,2015122702,보스턴,100
2015,12,28,2015122702,뉴욕,100
2015,12,28,2015122725,오클라호마 시티,122
2015,12,28,2015122725,덴버,122
2015,12,28,2015122723,새크라멘토,94
2015,12,28,2015122723,포틀랜드 트레일,94
2015,12,29,2015122811,인디애나,93
2015,12,29,2015122811,애틀랜타,93
2015,12,29,2015122819,올랜도,104
2015,12,29,2015122819,뉴올리언즈,104
2015,12,29,2015122827,워싱턴,91
2015,12,29,2015122827,LA클리퍼스,91
2015,12,29,2015122830,샬럿,108
2015,12,29,2015122830,LA레이커스,108
2015,12,29,2015122814,마이애미,105
2015,12,29,2015122814,브루클린,105
2015,12,29,2015122804,시카고,104
2015,12,29,2015122804,토론토,104
2015,12,29,2015122806,댈러스,103
2015,12,29,2015122806,밀워키,103
2015,12,29,2015122824,샌안토니오,101
2015,12,29,2015122824,미네소타,101
2015,12,29,2015122821,피닉스,97
2015,12,29,2015122821,클리블랜드,97
2015,12,29,2015122826,유타,95
2015,12,29,2015122826,필라델피아,95
2015,12,29,2015122809,골든스테이트,122
2015,12,29,2015122809,새크라멘토,122
2015,12,30,2015122918,뉴욕,108
2015,12,30,2015122918,디트로이트,108
2015,12,30,2015122910,휴스턴,115
2015,12,30,2015122910,애틀랜타,115
2015,12,30,2015122925,오클라호마 시티,131
2015,12,30,2015122925,밀워키,131
2015,12,30,2015122929,멤피스,99
2015,12,30,2015122929,마이애미,99
2015,12,30,2015122907,덴버,87
2015,12,30,2015122907,클리블랜드,87
2015,12,31,2015123019,올랜도,100
2015,12,31,2015123019,브루클린,100
2015,12,31,2015123030,샬럿,117
2015,12,31,2015123030,LA클리퍼스,117
2015,12,31,2015123002,보스턴,104
2015,12,31,2015123002,LA레이커스,104
2015,12,31,2015123028,토론토,94
2015,12,31,2015123028,워싱턴,94
2015,12,31,2015123004,시카고,102
2015,12,31,2015123004,인디애나,102
2015,12,31,2015123016,미네소타,94
2015,12,31,2015123016,유타,94
2015,12,31,2015123006,댈러스,114
2015,12,31,2015123006,골든스테이트,114
2015,12,31,2015123024,샌안토니오,112
2015,12,31,2015123024,피닉스,112
2015,12,31,2015123022,포틀랜드 트레일,110
2015,12,31,2015123022,덴버,110
2015,12,31,2015123023,새크라멘토,105
2015,12,31,2015123023,필라델피아,105
2016,1,1,2015123108,디트로이트,115
2016,1,1,2015123108,미네소타,115
2016,1,1,2015123111,인디애나,116
2016,1,1,2015123111,밀워키,116
2016,1,1,2015123110,휴스턴,110
2016,1,1,2015123110,골든스테이트,110
2016,1,1,2015123103,뉴올리언즈,89
2016,1,1,2015123103,LA클리퍼스,89
2016,1,1,2015123125,오클라호마 시티,110
2016,1,1,2015123125,피닉스,110
2016,1,1,2015123126,유타,109
2016,1,1,2015123126,포틀랜드 트레일,109
2016,1,2,2016010127,워싱턴,103
2016,1,2,2016010127,올랜도,103
2016,1,2,2016010114,마이애미,106
2016,1,2,2016010114,댈러스,106
2016,1,2,2016010128,토론토,104
2016,1,2,2016010128,샬럿,104
2016,1,2,2016010104,시카고,108
2016,1,2,2016010104,뉴욕,108
2016,1,2,2016010113,LA레이커스,93
2016,1,2,2016010113,필라델피아,93
2016,1,3,2016010202,보스턴,97
2016,1,3,2016010202,브루클린,97
2016,1,3,2016010223,새크라멘토,142
2016,1,3,2016010223,피닉스,142
2016,1,3,2016010211,인디애나,94
2016,1,3,2016010211,디트로이트,94
2016,1,3,2016010230,샬럿,90
2016,1,3,2016010230,오클라호마 시티,90
2016,1,3,2016010205,클리블랜드,104
2016,1,3,2016010205,올랜도,104
2016,1,3,2016010216,미네소타,85
2016,1,3,2016010216,밀워키,85
2016,1,3,2016010206,댈러스,98
2016,1,3,2016010206,뉴올리언즈,98
2016,1,3,2016010224,샌안토니오,121
2016,1,3,2016010224,휴스턴,121
2016,1,3,2016010226,유타,92
2016,1,3,2016010226,멤피스,92
2016,1,3,2016010209,골든스테이트,111
2016,1,3,2016010209,덴버,111
2016,1,3,2016010212,LA클리퍼스,130
2016,1,3,2016010212,필라델피아,130
2016,1,4,2016010318,뉴욕,111
2016,1,4,2016010318,애틀랜타,111
2016,1,4,2016010328,토론토,113
2016,1,4,2016010328,시카고,113
2016,1,4,2016010327,워싱턴,75
2016,1,4,2016010327,마이애미,75
2016,1,4,2016010307,덴버,106
2016,1,4,2016010307,포틀랜드 트레일,106
2016,1,4,2016010313,LA레이커스,97
2016,1,4,2016010313,피닉스,97
2016,1,5,2016010405,클리블랜드,122
2016,1,5,2016010405,토론토,122
2016,1,5,2016010420,필라델피아,109
2016,1,5,2016010420,미네소타,109
2016,1,5,2016010408,디트로이트,115
2016,1,5,2016010408,올랜도,115
2016,1,5,2016010414,마이애미,103
2016,1,5,2016010414,인디애나,103
2016,1,5,2016010417,브루클린,94
2016,1,5,2016010417,보스턴,94
2016,1,5,2016010415,밀워키,98
2016,1,5,2016010415,샌안토니오,98
2016,1,5,2016010425,오클라호마 시티,104
2016,1,5,2016010425,새크라멘토,104
2016,1,5,2016010426,유타,91
2016,1,5,2016010426,휴스턴,91
2016,1,5,2016010422,포틀랜드 트레일,78
2016,1,5,2016010422,멤피스,78
2016,1,5,2016010409,골든스테이트,111
2016,1,5,2016010409,샬럿,111
2016,1,6,2016010501,애틀랜타,101
2016,1,6,2016010501,뉴욕,101
2016,1,6,2016010504,시카고,117
2016,1,6,2016010504,밀워키,117
2016,1,6,2016010506,댈러스,117
2016,1,6,2016010506,새크라멘토,117
2016,1,6,2016010513,LA레이커스,88
2016,1,6,2016010513,골든스테이트,88
2016,1,7,2016010614,마이애미,90
2016,1,7,2016010614,뉴욕,90
2016,1,7,2016010619,올랜도,86
2016,1,7,2016010619,인디애나,86
2016,1,7,2016010627,워싱턴,115
2016,1,7,2016010627,클리블랜드,115
2016,1,7,2016010602,보스턴,94
2016,1,7,2016010602,디트로이트,94
2016,1,7,2016010617,브루클린,74
2016,1,7,2016010617,토론토,74
2016,1,7,2016010603,뉴올리언즈,91
2016,1,7,2016010603,댈러스,91
2016,1,7,2016010616,미네소타,74
2016,1,7,2016010616,덴버,74
2016,1,7,2016010624,샌안토니오,123
2016,1,7,2016010624,유타,123
2016,1,7,2016010621,피닉스,111
2016,1,7,2016010621,샬럿,111
2016,1,7,2016010625,오클라호마 시티,112
2016,1,7,2016010625,멤피스,112
2016,1,7,2016010622,포틀랜드 트레일,98
2016,1,7,2016010622,LA클리퍼스,98
2016,1,8,2016010720,필라델피아,98
2016,1,8,2016010720,애틀랜타,98
2016,1,8,2016010704,시카고,101
2016,1,8,2016010704,보스턴,101
2016,1,8,2016010710,휴스턴,103
2016,1,8,2016010710,유타,103
2016,1,8,2016010723,새크라멘토,118
2016,1,8,2016010723,LA레이커스,118
2016,1,9,2016010827,워싱턴,88
2016,1,9,2016010827,토론토,88
2016,1,9,2016010817,브루클린,77
2016,1,9,2016010817,올랜도,77
2016,1,9,2016010803,뉴올리언즈,86
2016,1,9,2016010803,인디애나,86
2016,1,9,2016010815,밀워키,96
2016,1,9,2016010815,댈러스,96
2016,1,9,2016010816,미네소타,99
2016,1,9,2016010816,클리블랜드,99
2016,1,9,2016010829,멤피스,91
2016,1,9,2016010829,덴버,91
2016,1,9,2016010824,샌안토니오,100
2016,1,9,2016010824,뉴욕,100
2016,1,9,2016010821,피닉스,95
2016,1,9,2016010821,마이애미,95
2016,1,9,2016010822,포틀랜드 트레일,108
2016,1,9,2016010822,골든스테이트,108
2016,1,9,2016010813,LA레이커스,113
2016,1,9,2016010813,오클라호마 시티,113
2016,1,10,2016010912,LA클리퍼스,97
2016,1,10,2016010912,샬럿,97
2016,1,10,2016010901,애틀랜타,120
2016,1,10,2016010901,시카고,120
2016,1,10,2016010919,올랜도,99
2016,1,10,2016010919,워싱턴,99
2016,1,10,2016010908,디트로이트,103
2016,1,10,2016010908,브루클린,103
2016,1,10,2016010920,필라델피아,95
2016,1,10,2016010920,토론토,95
2016,1,10,2016010926,유타,98
2016,1,10,2016010926,마이애미,98
2016,1,10,2016010923,새크라멘토,116
2016,1,10,2016010923,골든스테이트,116
2016,1,11,2016011012,LA클리퍼스,114
2016,1,11,2016011012,뉴올리언즈,114
2016,1,11,2016011016,미네소타,87
2016,1,11,2016011016,댈러스,87
2016,1,11,2016011020,필라델피아,85
2016,1,11,2016011020,클리블랜드,85
2016,1,11,2016011029,멤피스,101
2016,1,11,2016011029,보스턴,101
2016,1,11,2016011010,휴스턴,107
2016,1,11,2016011010,인디애나,107
2016,1,11,2016011018,뉴욕,100
2016,1,11,2016011018,밀워키,100
2016,1,11,2016011007,덴버,95
2016,1,11,2016011007,샬럿,95
2016,1,11,2016011022,포틀랜드 트레일,115
2016,1,11,2016011022,오클라호마 시티,115
2016,1,11,2016011013,LA레이커스,74
2016,1,11,2016011013,유타,74
2016,1,12,2016011117,브루클린,79
2016,1,12,2016011117,샌안토니오,79
2016,1,12,2016011104,시카고,100
2016,1,12,2016011104,워싱턴,100
2016,1,12,2016011109,골든스테이트,111
2016,1,12,2016011109,마이애미,111
2016,1,13,2016011211,인디애나,116
2016,1,13,2016011211,피닉스,116
2016,1,13,2016011208,디트로이트,99
2016,1,13,2016011208,샌안토니오,99
2016,1,13,2016011218,뉴욕,120
2016,1,13,2016011218,보스턴,120
2016,1,13,2016011215,밀워키,106
2016,1,13,2016011215,시카고,106
2016,1,13,2016011216,미네소타,96
2016,1,13,2016011216,오클라호마 시티,96
2016,1,13,2016011229,멤피스,91
2016,1,13,2016011229,휴스턴,91
2016,1,13,2016011206,댈러스,107
2016,1,13,2016011206,클리블랜드,107
2016,1,13,2016011213,LA레이커스,95
2016,1,13,2016011213,뉴올리언즈,95
2016,1,14,2016011327,워싱턴,106
2016,1,14,2016011327,밀워키,106
2016,1,14,2016011330,샬럿,107
2016,1,14,2016011330,애틀랜타,107
2016,1,14,2016011317,브루클린,110
2016,1,14,2016011317,뉴욕,110
2016,1,14,2016011302,보스턴,103
2016,1,14,2016011302,인디애나,103
2016,1,14,2016011310,휴스턴,107
2016,1,14,2016011310,미네소타,107
2016,1,14,2016011325,오클라호마 시티,108
2016,1,14,2016011325,댈러스,108
2016,1,14,2016011307,덴버,112
2016,1,14,2016011307,골든스테이트,112
2016,1,14,2016011322,포틀랜드 트레일,99
2016,1,14,2016011322,유타,99
2016,1,14,2016011323,새크라멘토,97
2016,1,14,2016011323,뉴올리언즈,97
2016,1,14,2016011312,LA클리퍼스,104
2016,1,14,2016011312,마이애미,104
2016,1,15,2016011419,올랜도,103
2016,1,15,2016011419,토론토,103
2016,1,15,2016011420,필라델피아,111
2016,1,15,2016011420,시카고,111
2016,1,15,2016011424,샌안토니오,99
2016,1,15,2016011424,클리블랜드,99
2016,1,15,2016011429,멤피스,103
2016,1,15,2016011429,디트로이트,103
2016,1,15,2016011426,유타,101
2016,1,15,2016011426,새크라멘토,101
2016,1,15,2016011409,골든스테이트,116
2016,1,15,2016011409,LA레이커스,116
2016,1,16,2016011511,인디애나,104
2016,1,16,2016011511,워싱턴,104
2016,1,16,2016011525,오클라호마 시티,113
2016,1,16,2016011525,미네소타,113
2016,1,16,2016011502,보스턴,117
2016,1,16,2016011502,피닉스,117
2016,1,16,2016011517,브루클린,104
2016,1,16,2016011517,포틀랜드 트레일,104
2016,1,16,2016011503,뉴올리언즈,109
2016,1,16,2016011503,샬럿,109
2016,1,16,2016011504,시카고,77
2016,1,16,2016011504,댈러스,77
2016,1,16,2016011515,밀워키,108
2016,1,16,2016011515,애틀랜타,108
2016,1,16,2016011507,덴버,95
2016,1,16,2016011507,마이애미,95
2016,1,16,2016011510,휴스턴,77
2016,1,16,2016011510,클리블랜드,77
2016,1,17,2016011630,샬럿,92
2016,1,17,2016011630,밀워키,92
2016,1,17,2016011601,애틀랜타,114
2016,1,17,2016011601,브루클린,114
2016,1,17,2016011608,디트로이트,113
2016,1,17,2016011608,골든스테이트,113
2016,1,17,2016011620,필라델피아,114
2016,1,17,2016011620,포틀랜드 트레일,114
2016,1,17,2016011627,워싱턴,117
2016,1,17,2016011627,보스턴,117
2016,1,17,2016011629,멤피스,103
2016,1,17,2016011629,뉴욕,103
2016,1,17,2016011626,유타,109
2016,1,17,2016011626,LA레이커스,109
2016,1,17,2016011612,LA클리퍼스,103
2016,1,17,2016011612,새크라멘토,103
2016,1,18,2016011716,미네소타,117
2016,1,18,2016011716,피닉스,117
2016,1,18,2016011724,샌안토니오,112
2016,1,18,2016011724,댈러스,112
2016,1,18,2016011725,오클라호마 시티,99
2016,1,18,2016011725,마이애미,99
2016,1,18,2016011707,덴버,129
2016,1,18,2016011707,인디애나,129
2016,1,18,2016011713,LA레이커스,95
2016,1,18,2016011713,휴스턴,95
2016,1,19,2016011818,뉴욕,119
2016,1,19,2016011818,필라델피아,119
2016,1,19,2016011827,워싱턴,98
2016,1,19,2016011827,포틀랜드 트레일,98
2016,1,19,2016011830,샬럿,124
2016,1,19,2016011830,유타,124
2016,1,19,2016011829,멤피스,101
2016,1,19,2016011829,뉴올리언즈,101
2016,1,19,2016011808,디트로이트,101
2016,1,19,2016011808,시카고,101
2016,1,19,2016011801,애틀랜타,98
2016,1,19,2016011801,올랜도,98
2016,1,19,2016011828,토론토,112
2016,1,19,2016011828,브루클린,112
2016,1,19,2016011805,클리블랜드,98
2016,1,19,2016011805,골든스테이트,98
2016,1,19,2016011806,댈러스,118
2016,1,19,2016011806,보스턴,118
2016,1,19,2016011812,LA클리퍼스,140
2016,1,19,2016011812,휴스턴,140
2016,1,20,2016011914,마이애미,79
2016,1,20,2016011914,밀워키,79
2016,1,20,2016011903,뉴올리언즈,114
2016,1,20,2016011903,미네소타,114
2016,1,20,2016011907,덴버,104
2016,1,20,2016011907,오클라호마 시티,104
2016,1,20,2016011921,피닉스,94
2016,1,20,2016011921,인디애나,94
2016,1,21,2016012019,올랜도,87
2016,1,21,2016012019,필라델피아,87
2016,1,21,2016012027,워싱턴,106
2016,1,21,2016012027,마이애미,106
2016,1,21,2016012017,브루클린,78
2016,1,21,2016012017,클리블랜드,78
2016,1,21,2016012018,뉴욕,118
2016,1,21,2016012018,유타,118
2016,1,21,2016012028,토론토,115
2016,1,21,2016012028,보스턴,115
2016,1,21,2016012004,시카고,94
2016,1,21,2016012004,골든스테이트,94
2016,1,21,2016012010,휴스턴,114
2016,1,21,2016012010,디트로이트,114
2016,1,21,2016012025,오클라호마 시티,109
2016,1,21,2016012025,샬럿,109
2016,1,21,2016012006,댈러스,106
2016,1,21,2016012006,미네소타,106
2016,1,21,2016012013,LA레이커스,93
2016,1,21,2016012013,새크라멘토,93
2016,1,21,2016012022,포틀랜드 트레일,98
2016,1,21,2016012022,애틀랜타,98
2016,1,22,2016012103,뉴올리언즈,115
2016,1,22,2016012103,디트로이트,115
2016,1,22,2016012105,클리블랜드,115
2016,1,22,2016012105,LA클리퍼스,115
2016,1,22,2016012107,덴버,101
2016,1,22,2016012107,멤피스,101
2016,1,22,2016012123,새크라멘토,91
2016,1,22,2016012123,애틀랜타,91
2016,1,22,2016012121,피닉스,89
2016,1,22,2016012121,샌안토니오,89
2016,1,23,2016012219,올랜도,116
2016,1,23,2016012219,샬럿,116
2016,1,23,2016012202,보스턴,110
2016,1,23,2016012202,시카고,110
2016,1,23,2016012217,브루클린,86
2016,1,23,2016012217,유타,86
2016,1,23,2016012218,뉴욕,88
2016,1,23,2016012218,LA클리퍼스,88
2016,1,23,2016012210,휴스턴,102
2016,1,23,2016012210,밀워키,102
2016,1,23,2016012228,토론토,101
2016,1,23,2016012228,마이애미,101
2016,1,23,2016012206,댈러스,106
2016,1,23,2016012206,오클라호마 시티,106
2016,1,23,2016012209,골든스테이트,122
2016,1,23,2016012209,인디애나,122
2016,1,23,2016012213,LA레이커스,95
2016,1,23,2016012213,샌안토니오,95
2016,1,24,2016012303,뉴올리언즈,116
2016,1,24,2016012303,밀워키,116
2016,1,24,2016012330,샬럿,97
2016,1,24,2016012330,뉴욕,97
2016,1,24,2016012316,미네소타,106
2016,1,24,2016012316,멤피스,106
2016,1,24,2016012305,클리블랜드,83
2016,1,24,2016012305,시카고,83
2016,1,24,2016012321,피닉스,98
2016,1,24,2016012321,애틀랜타,98
2016,1,24,2016012307,덴버,104
2016,1,24,2016012307,디트로이트,104
2016,1,24,2016012322,포틀랜드 트레일,121
2016,1,24,2016012322,LA레이커스,121
2016,1,24,2016012323,새크라멘토,108
2016,1,24,2016012323,인디애나,108
2016,1,25,2016012410,휴스턴,115
2016,1,25,2016012410,댈러스,115
2016,1,25,2016012428,토론토,112
2016,1,25,2016012428,LA클리퍼스,112
2016,1,25,2016012420,필라델피아,92
2016,1,25,2016012420,보스턴,92
2016,1,25,2016012417,브루클린,116
2016,1,25,2016012417,오클라호마 시티,116
2016,1,26,2016012505,클리블랜드,114
2016,1,26,2016012505,미네소타,114
2016,1,26,2016012527,워싱턴,91
2016,1,26,2016012527,보스턴,91
2016,1,26,2016012503,뉴올리언즈,111
2016,1,26,2016012503,휴스턴,111
2016,1,26,2016012504,시카고,84
2016,1,26,2016012504,마이애미,84
2016,1,26,2016012529,멤피스,108
2016,1,26,2016012529,올랜도,108
2016,1,26,2016012507,덴버,105
2016,1,26,2016012507,애틀랜타,105
2016,1,26,2016012526,유타,92
2016,1,26,2016012526,디트로이트,92
2016,1,26,2016012523,새크라멘토,128
2016,1,26,2016012523,샬럿,128
2016,1,26,2016012509,골든스테이트,120
2016,1,26,2016012509,샌안토니오,120
2016,1,27,2016012611,인디애나,89
2016,1,27,2016012611,LA클리퍼스,89
2016,1,27,2016012620,필라델피아,113
2016,1,27,2016012620,피닉스,113
2016,1,27,2016012617,브루클린,98
2016,1,27,2016012617,마이애미,98
2016,1,27,2016012618,뉴욕,122
2016,1,27,2016012618,오클라호마 시티,122
2016,1,27,2016012628,토론토,106
2016,1,27,2016012628,워싱턴,106
2016,1,27,2016012615,밀워키,107
2016,1,27,2016012615,올랜도,107
2016,1,27,2016012622,포틀랜드 트레일,112
2016,1,27,2016012622,새크라멘토,112
2016,1,27,2016012613,LA레이커스,90
2016,1,27,2016012613,댈러스,90
2016,1,28,2016012705,클리블랜드,115
2016,1,28,2016012705,피닉스,115
2016,1,28,2016012702,보스턴,111
2016,1,28,2016012702,덴버,111
2016,1,28,2016012708,디트로이트,110
2016,1,28,2016012708,필라델피아,110
2016,1,28,2016012701,애틀랜타,83
2016,1,28,2016012701,LA클리퍼스,83
2016,1,28,2016012716,미네소타,123
2016,1,28,2016012716,오클라호마 시티,123
2016,1,28,2016012724,샌안토니오,130
2016,1,28,2016012724,휴스턴,130
2016,1,28,2016012726,유타,102
2016,1,28,2016012726,샬럿,102
2016,1,28,2016012709,골든스테이트,127
2016,1,28,2016012709,댈러스,127
2016,1,29,2016012811,인디애나,111
2016,1,29,2016012811,애틀랜타,111
2016,1,29,2016012827,워싱턴,113
2016,1,29,2016012827,덴버,113
2016,1,29,2016012803,뉴올리언즈,114
2016,1,29,2016012803,새크라멘토,114
2016,1,29,2016012828,토론토,103
2016,1,29,2016012828,뉴욕,103
2016,1,29,2016012829,멤피스,103
2016,1,29,2016012829,밀워키,103
2016,1,29,2016012813,LA레이커스,91
2016,1,29,2016012813,시카고,91
2016,1,30,2016012902,보스턴,113
2016,1,30,2016012902,올랜도,113
2016,1,30,2016012908,디트로이트,106
2016,1,30,2016012908,클리블랜드,106
2016,1,30,2016012918,뉴욕,102
2016,1,30,2016012918,피닉스,102
2016,1,30,2016012915,밀워키,103
2016,1,30,2016012915,마이애미,103
2016,1,30,2016012925,오클라호마 시티,116
2016,1,30,2016012925,휴스턴,116
2016,1,30,2016012906,댈러스,91
2016,1,30,2016012906,브루클린,91
2016,1,30,2016012926,유타,103
2016,1,30,2016012926,미네소타,103
2016,1,30,2016012922,포틀랜드 트레일,109
2016,1,30,2016012922,샬럿,109
2016,1,30,2016012912,LA클리퍼스,105
2016,1,30,2016012912,LA레이커스,105
2016,1,31,2016013020,필라델피아,105
2016,1,31,2016013020,골든스테이트,105
2016,1,31,2016013028,토론토,111
2016,1,31,2016013028,디트로이트,111
2016,1,31,2016013003,뉴올리언즈,105
2016,1,31,2016013003,브루클린,105
2016,1,31,2016013011,인디애나,109
2016,1,31,2016013011,덴버,109
2016,1,31,2016013010,휴스턴,122
2016,1,31,2016013010,워싱턴,122
2016,1,31,2016013029,멤피스,121
2016,1,31,2016013029,새크라멘토,121
2016,1,31,2016013005,클리블랜드,117
2016,1,31,2016013005,샌안토니오,117
2016,2,1,2016013112,LA클리퍼스,120
2016,2,1,2016013112,시카고,120
2016,2,1,2016013114,마이애미,105
2016,2,1,2016013114,애틀랜타,105
2016,2,1,2016013119,올랜도,119
2016,2,1,2016013119,보스턴,119
2016,2,1,2016013106,댈러스,91
2016,2,1,2016013106,피닉스,91
2016,2,1,2016013118,뉴욕,95
2016,2,1,2016013118,골든스테이트,95
2016,2,1,2016013122,포틀랜드 트레일,96
2016,2,1,2016013122,미네소타,96
2016,2,1,2016013113,LA레이커스,82
2016,2,1,2016013113,샬럿,82
2016,2,2,2016020111,인디애나,106
2016,2,2,2016020111,클리블랜드,106
2016,2,2,2016020117,브루클린,100
2016,2,2,2016020117,디트로이트,100
2016,2,2,2016020101,애틀랜타,112
2016,2,2,2016020101,댈러스,112
2016,2,2,2016020103,뉴올리언즈,95
2016,2,2,2016020103,멤피스,95
2016,2,2,2016020125,오클라호마 시티,114
2016,2,2,2016020125,워싱턴,114
2016,2,2,2016020124,샌안토니오,107
2016,2,2,2016020124,올랜도,107
2016,2,2,2016020107,덴버,112
2016,2,2,2016020107,토론토,112
2016,2,2,2016020126,유타,105
2016,2,2,2016020126,시카고,105
2016,2,2,2016020123,새크라멘토,111
2016,2,2,2016020123,밀워키,111
2016,2,3,2016020218,뉴욕,89
2016,2,3,2016020218,보스턴,89
2016,2,3,2016020210,휴스턴,115
2016,2,3,2016020210,마이애미,115
2016,2,3,2016020221,피닉스,97
2016,2,3,2016020221,토론토,97
2016,2,3,2016020222,포틀랜드 트레일,107
2016,2,3,2016020222,밀워키,107
2016,2,3,2016020213,LA레이커스,119
2016,2,3,2016020213,미네소타,119
2016,2,4,2016020320,필라델피아,86
2016,2,4,2016020320,애틀랜타,86
2016,2,4,2016020330,샬럿,106
2016,2,4,2016020330,클리블랜드,106
2016,2,4,2016020302,보스턴,102
2016,2,4,2016020302,디트로이트,102
2016,2,4,2016020317,브루클린,100
2016,2,4,2016020317,인디애나,100
2016,2,4,2016020325,오클라호마 시티,117
2016,2,4,2016020325,올랜도,117
2016,2,4,2016020327,워싱턴,121
2016,2,4,2016020327,골든스테이트,121
2016,2,4,2016020306,댈러스,90
2016,2,4,2016020306,마이애미,90
2016,2,4,2016020324,샌안토니오,110
2016,2,4,2016020324,뉴올리언즈,110
2016,2,4,2016020326,유타,85
2016,2,4,2016020326,덴버,85
2016,2,4,2016020323,새크라멘토,102
2016,2,4,2016020323,시카고,102
2016,2,4,2016020312,LA클리퍼스,102
2016,2,4,2016020312,미네소타,102
2016,2,5,2016020408,디트로이트,111
2016,2,5,2016020408,뉴욕,111
2016,2,5,2016020421,피닉스,105
2016,2,5,2016020421,휴스턴,105
2016,2,5,2016020403,뉴올리언즈,96
2016,2,5,2016020403,LA레이커스,96
2016,2,5,2016020422,포틀랜드 트레일,103
2016,2,5,2016020422,토론토,103
2016,2,6,2016020501,애틀랜타,102
2016,2,6,2016020501,인디애나,102
2016,2,6,2016020519,올랜도,93
2016,2,6,2016020519,LA클리퍼스,93
2016,2,6,2016020527,워싱턴,106
2016,2,6,2016020527,필라델피아,106
2016,2,6,2016020530,샬럿,95
2016,2,6,2016020530,마이애미,95
2016,2,6,2016020505,클리블랜드,103
2016,2,6,2016020505,보스턴,103
2016,2,6,2016020517,브루클린,128
2016,2,6,2016020517,새크라멘토,128
2016,2,6,2016020518,뉴욕,85
2016,2,6,2016020518,멤피스,85
2016,2,6,2016020507,덴버,115
2016,2,6,2016020507,시카고,115
2016,2,6,2016020526,유타,84
2016,2,6,2016020526,밀워키,84
2016,2,6,2016020506,댈러스,90
2016,2,6,2016020506,샌안토니오,90
2016,2,7,2016020610,휴스턴,79
2016,2,7,2016020610,포틀랜드 트레일,79
2016,2,7,2016020611,인디애나,112
2016,2,7,2016020611,디트로이트,112
2016,2,7,2016020630,샬럿,108
2016,2,7,2016020630,워싱턴,108
2016,2,7,2016020605,클리블랜드,99
2016,2,7,2016020605,뉴올리언즈,99
2016,2,7,2016020620,필라델피아,103
2016,2,7,2016020620,브루클린,103
2016,2,7,2016020616,미네소타,112
2016,2,7,2016020616,시카고,112
2016,2,7,2016020629,멤피스,110
2016,2,7,2016020629,댈러스,110
2016,2,7,2016020624,샌안토니오,106
2016,2,7,2016020624,LA레이커스,106
2016,2,7,2016020609,골든스테이트,116
2016,2,7,2016020609,오클라호마 시티,116
2016,2,7,2016020621,피닉스,89
2016,2,7,2016020621,유타,89
2016,2,8,2016020702,보스턴,128
2016,2,8,2016020702,새크라멘토,128
2016,2,8,2016020718,뉴욕,96
2016,2,8,2016020718,덴버,96
2016,2,8,2016020719,올랜도,96
2016,2,8,2016020719,애틀랜타,96
2016,2,8,2016020714,마이애미,93
2016,2,8,2016020714,LA클리퍼스,93
2016,2,9,2016020805,클리블랜드,120
2016,2,9,2016020805,새크라멘토,120
2016,2,9,2016020811,인디애나,89
2016,2,9,2016020811,LA레이커스,89
2016,2,9,2016020820,필라델피아,92
2016,2,9,2016020820,LA클리퍼스,92
2016,2,9,2016020830,샬럿,108
2016,2,9,2016020830,시카고,108
2016,2,9,2016020808,디트로이트,89
2016,2,9,2016020808,토론토,89
2016,2,9,2016020817,브루클린,105
2016,2,9,2016020817,덴버,105
2016,2,9,2016020801,애틀랜타,110
2016,2,9,2016020801,올랜도,110
2016,2,9,2016020816,미네소타,102
2016,2,9,2016020816,뉴올리언즈,102
2016,2,9,2016020829,멤피스,106
2016,2,9,2016020829,포틀랜드 트레일,106
2016,2,9,2016020821,피닉스,106
2016,2,9,2016020821,오클라호마 시티,106
2016,2,10,2016020914,마이애미,101
2016,2,10,2016020914,샌안토니오,101
2016,2,10,2016020915,밀워키,112
2016,2,10,2016020915,보스턴,112
2016,2,10,2016020918,뉴욕,108
2016,2,10,2016020918,워싱턴,108
2016,2,10,2016020906,댈러스,119
2016,2,10,2016020906,유타,119
2016,2,10,2016020909,골든스테이트,123
2016,2,10,2016020909,휴스턴,123
2016,2,11,2016021011,인디애나,95
2016,2,11,2016021011,샬럿,95
2016,2,11,2016021019,올랜도,96
2016,2,11,2016021019,샌안토니오,96
2016,2,11,2016021020,필라델피아,110
2016,2,11,2016021020,새크라멘토,110
2016,2,11,2016021002,보스턴,139
2016,2,11,2016021002,LA클리퍼스,139
2016,2,11,2016021008,디트로이트,92
2016,2,11,2016021008,덴버,92
2016,2,11,2016021017,브루클린,90
2016,2,11,2016021017,멤피스,90
2016,2,11,2016021003,뉴올리언즈,100
2016,2,11,2016021003,유타,100
2016,2,11,2016021004,시카고,90
2016,2,11,2016021004,애틀랜타,90
2016,2,11,2016021005,클리블랜드,120
2016,2,11,2016021005,LA레이커스,120
2016,2,11,2016021016,미네소타,117
2016,2,11,2016021016,토론토,117
2016,2,11,2016021021,피닉스,104
2016,2,11,2016021021,골든스테이트,104
2016,2,11,2016021022,포틀랜드 트레일,116
2016,2,11,2016021022,휴스턴,116
2016,2,12,2016021115,밀워키,99
2016,2,12,2016021115,워싱턴,99
2016,2,12,2016021125,오클라호마 시티,121
2016,2,12,2016021125,뉴올리언즈,121
2016,2,15,2016021431,동부,173
2016,2,15,2016021431,서부,173
2016,2,19,2016021827,워싱턴,103
2016,2,19,2016021827,유타,103
2016,2,19,2016021805,클리블랜드,106
2016,2,19,2016021805,시카고,106
2016,2,19,2016021812,LA클리퍼스,105
2016,2,19,2016021812,샌안토니오,105
2016,2,20,2016021919,올랜도,110
2016,2,20,2016021919,댈러스,110
2016,2,20,2016021927,워싱턴,98
2016,2,20,2016021927,디트로이트,98
2016,2,20,2016021917,브루클린,109
2016,2,20,2016021917,뉴욕,109
2016,2,20,2016021901,애틀랜타,111
2016,2,20,2016021901,마이애미,111
2016,2,20,2016021903,뉴올리언즈,121
2016,2,20,2016021903,필라델피아,121
2016,2,20,2016021904,시카고,116
2016,2,20,2016021904,토론토,116
2016,2,20,2016021915,밀워키,95
2016,2,20,2016021915,샬럿,95
2016,2,20,2016021925,오클라호마 시티,98
2016,2,20,2016021925,인디애나,98
2016,2,20,2016021929,멤피스,109
2016,2,20,2016021929,미네소타,109
2016,2,20,2016021921,피닉스,100
2016,2,20,2016021921,휴스턴,100
2016,2,20,2016021922,포틀랜드 트레일,137
2016,2,20,2016021922,골든스테이트,137
2016,2,20,2016021923,새크라멘토,116
2016,2,20,2016021923,덴버,116
2016,2,20,2016021913,LA레이커스,113
2016,2,20,2016021913,샌안토니오,113
2016,2,20,2016021926,유타,111
2016,2,20,2016021926,보스턴,111
2016,2,21,2016022001,애틀랜타,109
2016,2,21,2016022001,밀워키,109
2016,2,21,2016022014,마이애미,114
2016,2,21,2016022014,워싱턴,114
2016,2,21,2016022016,미네소타,95
2016,2,21,2016022016,뉴욕,95
2016,2,21,2016022012,LA클리퍼스,112
2016,2,21,2016022012,골든스테이트,112
2016,2,22,2016022108,디트로이트,106
2016,2,22,2016022108,뉴올리언즈,106
2016,2,22,2016022125,오클라호마 시티,92
2016,2,22,2016022125,클리블랜드,92
2016,2,22,2016022107,덴버,101
2016,2,22,2016022107,보스턴,101
2016,2,22,2016022121,피닉스,111
2016,2,22,2016022121,샌안토니오,111
2016,2,22,2016022117,브루클린,96
2016,2,22,2016022117,샬럿,96
2016,2,22,2016022119,올랜도,102
2016,2,22,2016022119,인디애나,102
2016,2,22,2016022128,토론토,98
2016,2,22,2016022128,멤피스,98
2016,2,22,2016022106,댈러스,129
2016,2,22,2016022106,필라델피아,129
2016,2,22,2016022104,시카고,126
2016,2,22,2016022104,LA레이커스,126
2016,2,22,2016022122,포틀랜드 트레일,115
2016,2,22,2016022122,유타,115
2016,2,23,2016022205,클리블랜드,88
2016,2,23,2016022205,디트로이트,88
2016,2,23,2016022214,마이애미,101
2016,2,23,2016022214,인디애나,101
2016,2,23,2016022218,뉴욕,95
2016,2,23,2016022218,토론토,95
2016,2,23,2016022201,애틀랜타,92
2016,2,23,2016022201,골든스테이트,92
2016,2,23,2016022215,밀워키,108
2016,2,23,2016022215,LA레이커스,108
2016,2,23,2016022216,미네소타,124
2016,2,23,2016022216,보스턴,124
2016,2,23,2016022212,LA클리퍼스,124
2016,2,23,2016022212,피닉스,124
2016,2,24,2016022320,필라델피아,115
2016,2,24,2016022320,올랜도,115
2016,2,24,2016022327,워싱턴,109
2016,2,24,2016022327,뉴올리언즈,109
2016,2,24,2016022307,덴버,110
2016,2,24,2016022307,새크라멘토,110
2016,2,24,2016022326,유타,117
2016,2,24,2016022326,휴스턴,117
2016,2,24,2016022322,포틀랜드 트레일,112
2016,2,24,2016022322,브루클린,112
2016,2,25,2016022405,클리블랜드,114
2016,2,25,2016022405,샬럿,114
2016,2,25,2016022411,인디애나,108
2016,2,25,2016022411,뉴욕,108
2016,2,25,2016022408,디트로이트,111
2016,2,25,2016022408,필라델피아,111
2016,2,25,2016022414,마이애미,112
2016,2,25,2016022414,골든스테이트,112
2016,2,25,2016022428,토론토,114
2016,2,25,2016022428,미네소타,114
2016,2,25,2016022404,시카고,109
2016,2,25,2016022404,워싱턴,109
2016,2,25,2016022429,멤피스,128
2016,2,25,2016022429,LA레이커스,128
2016,2,25,2016022406,댈러스,103
2016,2,25,2016022406,오클라호마 시티,103
2016,2,25,2016022412,LA클리퍼스,81
2016,2,25,2016022412,덴버,81
2016,2,25,2016022423,새크라멘토,92
2016,2,25,2016022423,샌안토니오,92
2016,2,26,2016022519,올랜도,114
2016,2,26,2016022519,골든스테이트,114
2016,2,26,2016022502,보스턴,112
2016,2,26,2016022502,밀워키,112
2016,2,26,2016022503,뉴올리언즈,123
2016,2,26,2016022503,오클라호마 시티,123
2016,2,26,2016022521,피닉스,106
2016,2,26,2016022521,브루클린,106
2016,2,26,2016022522,포틀랜드 트레일,105
2016,2,26,2016022522,휴스턴,105
2016,2,26,2016022526,유타,78
2016,2,26,2016022526,샌안토니오,78
2016,2,27,2016022611,인디애나,95
2016,2,27,2016022611,샬럿,95
2016,2,27,2016022620,필라델피아,94
2016,2,27,2016022620,워싱턴,94
2016,2,27,2016022618,뉴욕,108
2016,2,27,2016022618,올랜도,108
2016,2,27,2016022628,토론토,99
2016,2,27,2016022628,클리블랜드,99
2016,2,27,2016022601,애틀랜타,103
2016,2,27,2016022601,시카고,103
2016,2,27,2016022606,댈러스,122
2016,2,27,2016022606,덴버,122
2016,2,27,2016022623,새크라멘토,107
2016,2,27,2016022623,LA클리퍼스,107
2016,2,27,2016022613,LA레이커스,95
2016,2,27,2016022613,멤피스,95
2016,2,28,2016022702,보스턴,101
2016,2,28,2016022702,마이애미,101
2016,2,28,2016022703,뉴올리언즈,110
2016,2,28,2016022703,미네소타,110
2016,2,28,2016022704,시카고,95
2016,2,28,2016022704,포틀랜드 트레일,95
2016,2,28,2016022710,휴스턴,94
2016,2,28,2016022710,샌안토니오,94
2016,2,28,2016022715,밀워키,91
2016,2,28,2016022715,디트로이트,91
2016,2,28,2016022725,오클라호마 시티,118
2016,2,28,2016022725,골든스테이트,118
2016,2,28,2016022721,피닉스,111
2016,2,28,2016022721,멤피스,111
2016,2,28,2016022726,유타,96
2016,2,28,2016022726,브루클린,96
2016,2,29,2016022827,워싱턴,113
2016,2,29,2016022827,클리블랜드,113
2016,2,29,2016022801,애틀랜타,87
2016,2,29,2016022801,샬럿,87
2016,2,29,2016022808,디트로이트,114
2016,2,29,2016022808,토론토,114
2016,2,29,2016022811,인디애나,102
2016,2,29,2016022811,포틀랜드 트레일,102
2016,2,29,2016022819,올랜도,130
2016,2,29,2016022819,필라델피아,130
2016,2,29,2016022806,댈러스,128
2016,2,29,2016022806,미네소타,128
2016,2,29,2016022818,뉴욕,81
2016,2,29,2016022818,마이애미,81
2016,3,1,2016022905,클리블랜드,100
2016,3,1,2016022905,인디애나,100
2016,3,1,2016022927,워싱턴,116
2016,3,1,2016022927,필라델피아,116
2016,3,1,2016022902,보스턴,100
2016,3,1,2016022902,유타,100
2016,3,1,2016022915,밀워키,128
2016,3,1,2016022915,휴스턴,128
2016,3,1,2016022907,덴버,96
2016,3,1,2016022907,멤피스,96
2016,3,1,2016022923,새크라멘토,116
2016,3,1,2016022923,오클라호마 시티,116
2016,3,1,2016022912,LA클리퍼스,105
2016,3,1,2016022912,브루클린,105
2016,3,2,2016030130,샬럿,126
2016,3,2,2016030130,피닉스,126
2016,3,2,2016030114,마이애미,129
2016,3,2,2016030114,시카고,129
2016,3,2,2016030118,뉴욕,85
2016,3,2,2016030118,포틀랜드 트레일,85
2016,3,2,2016030106,댈러스,121
2016,3,2,2016030106,올랜도,121
2016,3,2,2016030109,골든스테이트,109
2016,3,2,2016030109,애틀랜타,109
2016,3,2,2016030113,LA레이커스,107
2016,3,2,2016030113,브루클린,107
2016,3,3,2016030219,올랜도,102
2016,3,3,2016030219,시카고,102
2016,3,3,2016030220,필라델피아,99
2016,3,3,2016030220,샬럿,99
2016,3,3,2016030202,보스턴,116
2016,3,3,2016030202,포틀랜드 트레일,116
2016,3,3,2016030228,토론토,104
2016,3,3,2016030228,유타,104
2016,3,3,2016030210,휴스턴,100
2016,3,3,2016030210,뉴올리언즈,100
2016,3,3,2016030215,밀워키,99
2016,3,3,2016030215,인디애나,99
2016,3,3,2016030216,미네소타,98
2016,3,3,2016030216,워싱턴,98
2016,3,3,2016030224,샌안토니오,97
2016,3,3,2016030224,디트로이트,97
2016,3,3,2016030229,멤피스,104
2016,3,3,2016030229,새크라멘토,104
2016,3,3,2016030207,덴버,117
2016,3,3,2016030207,LA레이커스,117
2016,3,3,2016030212,LA클리퍼스,103
2016,3,3,2016030212,오클라호마 시티,103
2016,3,4,2016030314,마이애미,108
2016,3,4,2016030314,피닉스,108
2016,3,4,2016030303,뉴올리언즈,86
2016,3,4,2016030303,샌안토니오,86
2016,3,4,2016030306,댈러스,101
2016,3,4,2016030306,새크라멘토,101
2016,3,4,2016030309,골든스테이트,121
2016,3,4,2016030309,오클라호마 시티,121
2016,3,5,2016030419,올랜도,84
2016,3,5,2016030419,피닉스,84
2016,3,5,2016030420,필라델피아,102
2016,3,5,2016030420,마이애미,102
2016,3,5,2016030430,샬럿,108
2016,3,5,2016030430,인디애나,108
2016,3,5,2016030402,보스턴,105
2016,3,5,2016030402,뉴욕,105
2016,3,5,2016030428,토론토,117
2016,3,5,2016030428,포틀랜드 트레일,117
2016,3,5,2016030405,클리블랜드,108
2016,3,5,2016030405,워싱턴,108
2016,3,5,2016030415,밀워키,116
2016,3,5,2016030415,미네소타,116
2016,3,5,2016030429,멤피스,94
2016,3,5,2016030429,유타,94
2016,3,5,2016030407,덴버,120
2016,3,5,2016030407,브루클린,120
2016,3,5,2016030413,LA레이커스,77
2016,3,5,2016030413,애틀랜타,77
2016,3,6,2016030503,뉴올리언즈,94
2016,3,6,2016030503,유타,94
2016,3,6,2016030505,클리블랜드,120
2016,3,6,2016030505,보스턴,120
2016,3,6,2016030518,뉴욕,102
2016,3,6,2016030518,디트로이트,102
2016,3,6,2016030527,워싱턴,99
2016,3,6,2016030527,인디애나,99
2016,3,6,2016030516,미네소타,132
2016,3,6,2016030516,브루클린,132
2016,3,6,2016030504,시카고,108
2016,3,6,2016030504,휴스턴,108
2016,3,6,2016030524,샌안토니오,104
2016,3,6,2016030524,새크라멘토,104
2016,3,6,2016030512,LA클리퍼스,97
2016,3,6,2016030512,애틀랜타,97
2016,3,7,2016030613,LA레이커스,112
2016,3,7,2016030613,골든스테이트,112
2016,3,7,2016030615,밀워키,96
2016,3,7,2016030615,오클라호마 시티,96
2016,3,7,2016030629,멤피스,100
2016,3,7,2016030629,피닉스,100
2016,3,7,2016030607,덴버,116
2016,3,7,2016030607,댈러스,116
2016,3,7,2016030608,디트로이트,123
2016,3,7,2016030608,포틀랜드 트레일,123
2016,3,7,2016030614,마이애미,103
2016,3,7,2016030614,필라델피아,103
2016,3,7,2016030628,토론토,107
2016,3,7,2016030628,휴스턴,107
2016,3,8,2016030705,클리블랜드,103
2016,3,8,2016030705,멤피스,103
2016,3,8,2016030711,인디애나,99
2016,3,8,2016030711,샌안토니오,99
2016,3,8,2016030730,샬럿,108
2016,3,8,2016030730,미네소타,108
2016,3,8,2016030703,뉴올리언즈,115
2016,3,8,2016030703,새크라멘토,115
2016,3,8,2016030704,시카고,100
2016,3,8,2016030704,밀워키,100
2016,3,8,2016030706,댈러스,90
2016,3,8,2016030706,LA클리퍼스,90
2016,3,8,2016030709,골든스테이트,119
2016,3,8,2016030709,올랜도,119
2016,3,9,2016030828,토론토,104
2016,3,9,2016030828,브루클린,104
2016,3,9,2016030816,미네소타,91
2016,3,9,2016030816,샌안토니오,91
2016,3,9,2016030807,덴버,110
2016,3,9,2016030807,뉴욕,110
2016,3,9,2016030826,유타,84
2016,3,9,2016030826,애틀랜타,84
2016,3,9,2016030822,포틀랜드 트레일,116
2016,3,9,2016030822,워싱턴,116
2016,3,9,2016030813,LA레이커스,107
2016,3,9,2016030813,올랜도,107
2016,3,10,2016030902,보스턴,116
2016,3,10,2016030902,멤피스,116
2016,3,10,2016030920,필라델피아,104
2016,3,10,2016030920,휴스턴,104
2016,3,10,2016030930,샬럿,122
2016,3,10,2016030930,뉴올리언즈,122
2016,3,10,2016030915,밀워키,114
2016,3,10,2016030915,마이애미,114
2016,3,10,2016030906,댈러스,96
2016,3,10,2016030906,디트로이트,96
2016,3,10,2016030921,피닉스,97
2016,3,10,2016030921,뉴욕,97
2016,3,10,2016030925,오클라호마 시티,120
2016,3,10,2016030925,LA클리퍼스,120
2016,3,10,2016030923,새크라멘토,111
2016,3,10,2016030923,클리블랜드,111
2016,3,10,2016030909,골든스테이트,115
2016,3,10,2016030909,유타,115
2016,3,11,2016031028,토론토,104
2016,3,11,2016031028,애틀랜타,104
2016,3,11,2016031024,샌안토니오,109
2016,3,11,2016031024,시카고,109
2016,3,11,2016031007,덴버,116
2016,3,11,2016031007,피닉스,116
2016,3,11,2016031013,LA레이커스,108
2016,3,11,2016031013,클리블랜드,108
2016,3,12,2016031120,필라델피아,95
2016,3,12,2016031120,브루클린,95
2016,3,12,2016031130,샬럿,118
2016,3,12,2016031130,디트로이트,118
2016,3,12,2016031102,보스턴,98
2016,3,12,2016031102,휴스턴,98
2016,3,12,2016031104,시카고,96
2016,3,12,2016031104,마이애미,96
2016,3,12,2016031125,오클라호마 시티,96
2016,3,12,2016031125,미네소타,96
2016,3,12,2016031129,멤피스,121
2016,3,12,2016031129,뉴올리언즈,121
2016,3,12,2016031126,유타,114
2016,3,12,2016031126,워싱턴,114
2016,3,12,2016031123,새크라멘토,100
2016,3,12,2016031123,올랜도,100
2016,3,12,2016031109,골든스테이트,128
2016,3,12,2016031109,포틀랜드 트레일,128
2016,3,12,2016031112,LA클리퍼스,101
2016,3,12,2016031112,뉴욕,101
2016,3,13,2016031206,댈러스,105
2016,3,13,2016031206,인디애나,105
2016,3,13,2016031220,필라델피아,111
2016,3,13,2016031220,디트로이트,111
2016,3,13,2016031228,토론토,112
2016,3,13,2016031228,마이애미,112
2016,3,13,2016031230,샬럿,125
2016,3,13,2016031230,휴스턴,125
2016,3,13,2016031201,애틀랜타,95
2016,3,13,2016031201,멤피스,95
2016,3,13,2016031215,밀워키,103
2016,3,13,2016031215,뉴올리언즈,103
2016,3,13,2016031224,샌안토니오,93
2016,3,13,2016031224,오클라호마 시티,93
2016,3,13,2016031207,덴버,116
2016,3,13,2016031207,워싱턴,116
2016,3,13,2016031209,골든스테이트,123
2016,3,13,2016031209,피닉스,123
2016,3,13,2016031222,포틀랜드 트레일,121
2016,3,13,2016031222,올랜도,121
2016,3,14,2016031312,LA클리퍼스,90
2016,3,14,2016031312,클리블랜드,90
2016,3,14,2016031301,애틀랜타,104
2016,3,14,2016031301,인디애나,104
2016,3,14,2016031323,새크라멘토,99
2016,3,14,2016031323,유타,99
2016,3,14,2016031317,브루클린,100
2016,3,14,2016031317,밀워키,100
2016,3,14,2016031313,LA레이커스,87
2016,3,14,2016031313,뉴욕,87
2016,3,15,2016031430,샬럿,96
2016,3,15,2016031430,댈러스,96
2016,3,15,2016031414,마이애미,124
2016,3,15,2016031414,덴버,124
2016,3,15,2016031428,토론토,107
2016,3,15,2016031428,시카고,107
2016,3,15,2016031410,휴스턴,130
2016,3,15,2016031410,멤피스,130
2016,3,15,2016031425,오클라호마 시티,128
2016,3,15,2016031425,포틀랜드 트레일,128
2016,3,15,2016031427,워싱턴,124
2016,3,15,2016031427,디트로이트,124
2016,3,15,2016031421,피닉스,107
2016,3,15,2016031421,미네소타,107
2016,3,15,2016031409,골든스테이트,125
2016,3,15,2016031409,뉴올리언즈,125
2016,3,15,2016031426,유타,94
2016,3,15,2016031426,클리블랜드,94
2016,3,16,2016031511,인디애나,103
2016,3,16,2016031511,보스턴,103
2016,3,16,2016031519,올랜도,116
2016,3,16,2016031519,덴버,116
2016,3,16,2016031517,브루클린,131
2016,3,16,2016031517,필라델피아,131
2016,3,16,2016031515,밀워키,89
2016,3,16,2016031515,토론토,89
2016,3,16,2016031524,샌안토니오,108
2016,3,16,2016031524,LA클리퍼스,108
2016,3,16,2016031513,LA레이커스,98
2016,3,16,2016031513,새크라멘토,98
2016,3,17,2016031602,보스턴,109
2016,3,17,2016031602,오클라호마 시티,109
2016,3,17,2016031605,클리블랜드,99
2016,3,17,2016031605,댈러스,99
2016,3,17,2016031627,워싱턴,117
2016,3,17,2016031627,시카고,117
2016,3,17,2016031630,샬럿,107
2016,3,17,2016031630,올랜도,107
2016,3,17,2016031608,디트로이트,114
2016,3,17,2016031608,애틀랜타,114
2016,3,17,2016031629,멤피스,108
2016,3,17,2016031629,미네소타,108
2016,3,17,2016031610,휴스턴,106
2016,3,17,2016031610,LA클리퍼스,106
2016,3,17,2016031623,새크라멘토,108
2016,3,17,2016031623,뉴올리언즈,108
2016,3,17,2016031609,골든스테이트,121
2016,3,17,2016031609,뉴욕,121
2016,3,18,2016031711,인디애나,94
2016,3,18,2016031711,토론토,94
2016,3,18,2016031720,필라델피아,94
2016,3,18,2016031720,워싱턴,94
2016,3,18,2016031714,마이애미,106
2016,3,18,2016031714,샬럿,106
2016,3,18,2016031701,애틀랜타,116
2016,3,18,2016031701,덴버,116
2016,3,18,2016031704,시카고,118
2016,3,18,2016031704,브루클린,118
2016,3,18,2016031715,밀워키,96
2016,3,18,2016031715,멤피스,96
2016,3,18,2016031724,샌안토니오,118
2016,3,18,2016031724,포틀랜드 트레일,118
2016,3,18,2016031726,유타,103
2016,3,18,2016031726,피닉스,103
2016,3,19,2016031819,올랜도,103
2016,3,19,2016031819,클리블랜드,103
2016,3,19,2016031820,필라델피아,97
2016,3,19,2016031820,오클라호마 시티,97
2016,3,19,2016031808,디트로이트,115
2016,3,19,2016031808,새크라멘토,115
2016,3,19,2016031828,토론토,105
2016,3,19,2016031828,보스턴,105
2016,3,19,2016031803,뉴올리언즈,112
2016,3,19,2016031803,포틀랜드 트레일,112
2016,3,19,2016031810,휴스턴,116
2016,3,19,2016031810,미네소타,116
2016,3,19,2016031806,댈러스,112
2016,3,19,2016031806,골든스테이트,112
2016,3,19,2016031813,LA레이커스,90
2016,3,19,2016031813,피닉스,90
2016,3,20,2016031930,샬럿,93
2016,3,20,2016031930,덴버,93
2016,3,20,2016031908,디트로이트,115
2016,3,20,2016031908,브루클린,115
2016,3,20,2016031911,인디애나,111
2016,3,20,2016031911,오클라호마 시티,111
2016,3,20,2016031927,워싱턴,99
2016,3,20,2016031927,뉴욕,99
2016,3,20,2016031901,애틀랜타,109
2016,3,20,2016031901,휴스턴,109
2016,3,20,2016031914,마이애미,122
2016,3,20,2016031914,클리블랜드,122
2016,3,20,2016031904,시카고,92
2016,3,20,2016031904,유타,92
2016,3,20,2016031929,멤피스,113
2016,3,20,2016031929,LA클리퍼스,113
2016,3,20,2016031924,샌안토니오,87
2016,3,20,2016031924,골든스테이트,87
2016,3,21,2016032006,댈러스,132
2016,3,21,2016032006,포틀랜드 트레일,132
2016,3,21,2016032028,토론토,105
2016,3,21,2016032028,올랜도,105
2016,3,21,2016032003,뉴올리언즈,109
2016,3,21,2016032003,LA클리퍼스,109
2016,3,21,2016032020,필라델피아,105
2016,3,21,2016032020,보스턴,105
2016,3,21,2016032015,밀워키,85
2016,3,21,2016032015,유타,85
2016,3,21,2016032018,뉴욕,80
2016,3,21,2016032018,새크라멘토,80
2016,3,22,2016032105,클리블랜드,124
2016,3,22,2016032105,덴버,124
2016,3,22,2016032111,인디애나,91
2016,3,22,2016032111,필라델피아,91
2016,3,22,2016032130,샬럿,91
2016,3,22,2016032130,샌안토니오,91
2016,3,22,2016032102,보스턴,107
2016,3,22,2016032102,올랜도,107
2016,3,22,2016032108,디트로이트,92
2016,3,22,2016032108,밀워키,92
2016,3,22,2016032101,애틀랜타,102
2016,3,22,2016032101,워싱턴,102
2016,3,22,2016032104,시카고,109
2016,3,22,2016032104,새크라멘토,109
2016,3,22,2016032116,미네소타,104
2016,3,22,2016032116,골든스테이트,104
2016,3,22,2016032121,피닉스,97
2016,3,22,2016032121,멤피스,97
2016,3,23,2016032217,브루클린,100
2016,3,23,2016032217,샬럿,100
2016,3,23,2016032203,뉴올리언즈,99
2016,3,23,2016032203,마이애미,99
2016,3,23,2016032225,오클라호마 시티,111
2016,3,23,2016032225,휴스턴,111
2016,3,23,2016032213,LA레이커스,107
2016,3,23,2016032213,멤피스,107
2016,3,24,2016032305,클리블랜드,113
2016,3,24,2016032305,밀워키,113
2016,3,24,2016032327,워싱턴,101
2016,3,24,2016032327,애틀랜타,101
2016,3,24,2016032302,보스턴,91
2016,3,24,2016032302,토론토,91
2016,3,24,2016032308,디트로이트,118
2016,3,24,2016032308,올랜도,118
2016,3,24,2016032304,시카고,107
2016,3,24,2016032304,뉴욕,107
2016,3,24,2016032310,휴스턴,87
2016,3,24,2016032310,유타,87
2016,3,24,2016032316,미네소타,113
2016,3,24,2016032316,새크라멘토,113
2016,3,24,2016032324,샌안토니오,112
2016,3,24,2016032324,마이애미,112
2016,3,24,2016032307,덴버,104
2016,3,24,2016032307,필라델피아,104
2016,3,24,2016032321,피닉스,119
2016,3,24,2016032321,LA레이커스,119
2016,3,24,2016032322,포틀랜드 트레일,109
2016,3,24,2016032322,댈러스,109
2016,3,24,2016032309,골든스테이트,114
2016,3,24,2016032309,LA클리퍼스,114
2016,3,25,2016032411,인디애나,92
2016,3,25,2016032411,뉴올리언즈,92
2016,3,25,2016032417,브루클린,104
2016,3,25,2016032417,클리블랜드,104
2016,3,25,2016032418,뉴욕,106
2016,3,25,2016032418,시카고,106
2016,3,25,2016032425,오클라호마 시티,113
2016,3,25,2016032425,유타,113
2016,3,25,2016032412,LA클리퍼스,96
2016,3,25,2016032412,포틀랜드 트레일,96
2016,3,26,2016032527,워싱턴,129
2016,3,26,2016032527,미네소타,129
2016,3,26,2016032508,디트로이트,112
2016,3,26,2016032508,샬럿,112
2016,3,26,2016032501,애틀랜타,101
2016,3,26,2016032501,밀워키,101
2016,3,26,2016032510,휴스턴,112
2016,3,26,2016032510,토론토,112
2016,3,26,2016032514,마이애미,108
2016,3,26,2016032514,올랜도,108
2016,3,26,2016032524,샌안토니오,110
2016,3,26,2016032524,멤피스,110
2016,3,26,2016032523,새크라멘토,116
2016,3,26,2016032523,피닉스,116
2016,3,26,2016032509,골든스테이트,128
2016,3,26,2016032509,댈러스,128
2016,3,26,2016032513,LA레이커스,105
2016,3,26,2016032513,덴버,105
2016,3,27,2016032617,브루클린,120
2016,3,27,2016032617,인디애나,120
2016,3,27,2016032603,뉴올리언즈,91
2016,3,27,2016032603,토론토,91
2016,3,27,2016032619,올랜도,111
2016,3,27,2016032619,시카고,111
2016,3,27,2016032608,디트로이트,95
2016,3,27,2016032608,애틀랜타,95
2016,3,27,2016032618,뉴욕,93
2016,3,27,2016032618,클리블랜드,93
2016,3,27,2016032616,미네소타,84
2016,3,27,2016032616,유타,84
2016,3,27,2016032625,오클라호마 시티,111
2016,3,27,2016032625,샌안토니오,111
2016,3,27,2016032615,밀워키,91
2016,3,27,2016032615,샬럿,91
2016,3,27,2016032621,피닉스,99
2016,3,27,2016032621,보스턴,99
2016,3,27,2016032622,포틀랜드 트레일,108
2016,3,27,2016032622,필라델피아,108
2016,3,28,2016032712,LA클리퍼스,105
2016,3,28,2016032712,덴버,105
2016,3,28,2016032711,인디애나,104
2016,3,28,2016032711,휴스턴,104
2016,3,28,2016032723,새크라멘토,133
2016,3,28,2016032723,댈러스,133
2016,3,28,2016032709,골든스테이트,117
2016,3,28,2016032709,필라델피아,117
2016,3,28,2016032713,LA레이커스,88
2016,3,28,2016032713,워싱턴,88
2016,3,29,2016032814,마이애미,110
2016,3,29,2016032814,브루클린,110
2016,3,29,2016032828,토론토,100
2016,3,29,2016032828,오클라호마 시티,100
2016,3,29,2016032803,뉴올리언즈,99
2016,3,29,2016032803,뉴욕,99
2016,3,29,2016032804,시카고,100
2016,3,29,2016032804,애틀랜타,100
2016,3,29,2016032816,미네소타,121
2016,3,29,2016032816,피닉스,121
2016,3,29,2016032829,멤피스,87
2016,3,29,2016032829,샌안토니오,87
2016,3,29,2016032807,덴버,88
2016,3,29,2016032807,댈러스,88
2016,3,29,2016032826,유타,123
2016,3,29,2016032826,LA레이커스,123
2016,3,29,2016032822,포틀랜드 트레일,105
2016,3,29,2016032822,새크라멘토,105
2016,3,29,2016032812,LA클리퍼스,114
2016,3,29,2016032812,보스턴,114
2016,3,30,2016032911,인디애나,96
2016,3,30,2016032911,시카고,96
2016,3,30,2016032919,올랜도,139
2016,3,30,2016032919,브루클린,139
2016,3,30,2016032920,필라델피아,85
2016,3,30,2016032920,샬럿,85
2016,3,30,2016032908,디트로이트,88
2016,3,30,2016032908,오클라호마 시티,88
2016,3,30,2016032905,클리블랜드,100
2016,3,30,2016032905,휴스턴,100
2016,3,30,2016032909,골든스테이트,102
2016,3,30,2016032909,워싱턴,102
2016,3,31,2016033028,토론토,105
2016,3,31,2016033028,애틀랜타,105
2016,3,31,2016033015,밀워키,105
2016,3,31,2016033015,피닉스,105
2016,3,31,2016033016,미네소타,79
2016,3,31,2016033016,LA클리퍼스,79
2016,3,31,2016033029,멤피스,105
2016,3,31,2016033029,덴버,105
2016,3,31,2016033006,댈러스,91
2016,3,31,2016033006,뉴욕,91
2016,3,31,2016033024,샌안토니오,100
2016,3,31,2016033024,뉴올리언즈,100
2016,3,31,2016033026,유타,96
2016,3,31,2016033026,골든스테이트,96
2016,3,31,2016033023,새크라멘토,120
2016,3,31,2016033023,워싱턴,120
2016,3,31,2016033013,LA레이커스,102
2016,3,31,2016033013,마이애미,102
2016,4,1,2016033105,클리블랜드,107
2016,4,1,2016033105,브루클린,107
2016,4,1,2016033110,휴스턴,100
2016,4,1,2016033110,시카고,100
2016,4,1,2016033111,인디애나,94
2016,4,1,2016033111,올랜도,94
2016,4,1,2016033103,뉴올리언즈,101
2016,4,1,2016033103,덴버,101
2016,4,1,2016033125,오클라호마 시티,119
2016,4,1,2016033125,LA클리퍼스,119
2016,4,1,2016033122,포틀랜드 트레일,116
2016,4,1,2016033122,보스턴,116
2016,4,2,2016040130,샬럿,100
2016,4,2,2016040130,필라델피아,100
2016,4,2,2016040108,디트로이트,89
2016,4,2,2016040108,댈러스,89
2016,4,2,2016040118,뉴욕,105
2016,4,2,2016040118,브루클린,105
2016,4,2,2016040101,애틀랜타,108
2016,4,2,2016040101,클리블랜드,108
2016,4,2,2016040115,밀워키,113
2016,4,2,2016040115,올랜도,113
2016,4,2,2016040129,멤피스,95
2016,4,2,2016040129,토론토,95
2016,4,2,2016040126,유타,98
2016,4,2,2016040126,미네소타,98
2016,4,2,2016040123,새크라멘토,106
2016,4,2,2016040123,마이애미,106
2016,4,2,2016040109,골든스테이트,106
2016,4,2,2016040109,보스턴,106
2016,4,2,2016040121,피닉스,99
2016,4,2,2016040121,워싱턴,99
2016,4,3,2016040220,필라델피아,102
2016,4,3,2016040220,인디애나,102
2016,4,3,2016040204,시카고,90
2016,4,3,2016040204,디트로이트,90
2016,4,3,2016040224,샌안토니오,102
2016,4,3,2016040224,토론토,102
2016,4,3,2016040207,덴버,106
2016,4,3,2016040207,새크라멘토,106
2016,4,3,2016040222,포틀랜드 트레일,110
2016,4,3,2016040222,마이애미,110
2016,4,4,2016040317,브루클린,87
2016,4,4,2016040317,뉴올리언즈,87
2016,4,4,2016040305,클리블랜드,112
2016,4,4,2016040305,샬럿,112
2016,4,4,2016040310,휴스턴,118
2016,4,4,2016040310,오클라호마 시티,118
2016,4,4,2016040312,LA클리퍼스,114
2016,4,4,2016040312,워싱턴,114
2016,4,4,2016040316,미네소타,78
2016,4,4,2016040316,댈러스,78
2016,4,4,2016040319,올랜도,119
2016,4,4,2016040319,멤피스,119
2016,4,4,2016040321,피닉스,86
2016,4,4,2016040321,유타,86
2016,4,4,2016040315,밀워키,98
2016,4,4,2016040315,시카고,98
2016,4,4,2016040318,뉴욕,87
2016,4,4,2016040318,인디애나,87
2016,4,4,2016040309,골든스테이트,136
2016,4,4,2016040309,포틀랜드 트레일,136
2016,4,4,2016040313,LA레이커스,100
2016,4,4,2016040313,보스턴,100
2016,4,6,2016040520,필라델피아,107
2016,4,6,2016040520,뉴올리언즈,107
2016,4,6,2016040528,토론토,96
2016,4,6,2016040528,샬럿,96
2016,4,6,2016040501,애틀랜타,103
2016,4,6,2016040501,피닉스,103
2016,4,6,2016040514,마이애미,107
2016,4,6,2016040514,디트로이트,107
2016,4,6,2016040515,밀워키,80
2016,4,6,2016040515,클리블랜드,80
2016,4,6,2016040529,멤피스,108
2016,4,6,2016040529,시카고,108
2016,4,6,2016040507,덴버,102
2016,4,6,2016040507,오클라호마 시티,102
2016,4,6,2016040526,유타,86
2016,4,6,2016040526,샌안토니오,86
2016,4,6,2016040523,새크라멘토,107
2016,4,6,2016040523,포틀랜드 트레일,107
2016,4,6,2016040509,골든스테이트,117
2016,4,6,2016040509,미네소타,117
2016,4,6,2016040512,LA클리퍼스,103
2016,4,6,2016040512,LA레이커스,103
2016,4,7,2016040611,인디애나,123
2016,4,7,2016040611,클리블랜드,123
2016,4,7,2016040619,올랜도,104
2016,4,7,2016040619,디트로이트,104
2016,4,7,2016040627,워싱턴,121
2016,4,7,2016040627,브루클린,121
2016,4,7,2016040602,보스턴,104
2016,4,7,2016040602,뉴올리언즈,104
2016,4,7,2016040618,뉴욕,97
2016,4,7,2016040618,샬럿,97
2016,4,7,2016040606,댈러스,88
2016,4,7,2016040606,휴스턴,88
2016,4,7,2016040622,포틀랜드 트레일,120
2016,4,7,2016040622,오클라호마 시티,120
2016,4,7,2016040613,LA레이커스,81
2016,4,7,2016040613,LA클리퍼스,81
2016,4,8,2016040701,애틀랜타,95
2016,4,8,2016040701,토론토,95
2016,4,8,2016040710,휴스턴,115
2016,4,8,2016040710,피닉스,115
2016,4,8,2016040714,마이애미,106
2016,4,8,2016040714,시카고,106
2016,4,8,2016040723,새크라멘토,97
2016,4,8,2016040723,미네소타,97
2016,4,8,2016040709,골든스테이트,112
2016,4,8,2016040709,샌안토니오,112
2016,4,9,2016040819,올랜도,112
2016,4,9,2016040819,마이애미,112
2016,4,9,2016040820,필라델피아,102
2016,4,9,2016040820,뉴욕,102
2016,4,9,2016040830,샬럿,113
2016,4,9,2016040830,브루클린,113
2016,4,9,2016040802,보스턴,124
2016,4,9,2016040802,밀워키,124
2016,4,9,2016040808,디트로이트,112
2016,4,9,2016040808,워싱턴,112
2016,4,9,2016040828,토론토,111
2016,4,9,2016040828,인디애나,111
2016,4,9,2016040803,뉴올리언즈,110
2016,4,9,2016040803,LA레이커스,110
2016,4,9,2016040806,댈러스,103
2016,4,9,2016040806,멤피스,103
2016,4,9,2016040807,덴버,102
2016,4,9,2016040807,샌안토니오,102
2016,4,9,2016040826,유타,99
2016,4,9,2016040826,LA클리퍼스,99
2016,4,10,2016040903,뉴올리언즈,100
2016,4,10,2016040903,피닉스,100
2016,4,10,2016040901,애틀랜타,118
2016,4,10,2016040901,보스턴,118
2016,4,10,2016040929,멤피스,99
2016,4,10,2016040929,골든스테이트,99
2016,4,10,2016040904,시카고,105
2016,4,10,2016040904,클리블랜드,105
2016,4,10,2016040922,포틀랜드 트레일,105
2016,4,10,2016040922,미네소타,105
2016,4,10,2016040923,새크라멘토,114
2016,4,10,2016040923,오클라호마 시티,114
2016,4,11,2016041027,워싱턴,113
2016,4,11,2016041027,샬럿,113
2016,4,11,2016041010,휴스턴,130
2016,4,11,2016041010,LA레이커스,130
2016,4,11,2016041012,LA클리퍼스,98
2016,4,11,2016041012,댈러스,98
2016,4,11,2016041007,덴버,84
2016,4,11,2016041007,유타,84
2016,4,11,2016041020,필라델피아,108
2016,4,11,2016041020,밀워키,108
2016,4,11,2016041011,인디애나,129
2016,4,11,2016041011,브루클린,129
2016,4,11,2016041014,마이애미,118
2016,4,11,2016041014,올랜도,118
2016,4,11,2016041024,샌안토니오,86
2016,4,11,2016041024,골든스테이트,86
2016,4,11,2016041018,뉴욕,89
2016,4,11,2016041018,토론토,89
2016,4,12,2016041105,클리블랜드,109
2016,4,12,2016041105,애틀랜타,109
2016,4,12,2016041119,올랜도,107
2016,4,12,2016041119,밀워키,107
2016,4,12,2016041102,보스턴,100
2016,4,12,2016041102,샬럿,100
2016,4,12,2016041117,브루클린,111
2016,4,12,2016041117,워싱턴,111
2016,4,12,2016041103,뉴올리언즈,116
2016,4,12,2016041103,시카고,116
2016,4,12,2016041116,미네소타,105
2016,4,12,2016041116,휴스턴,105
2016,4,12,2016041125,오클라호마 시티,112
2016,4,12,2016041125,LA레이커스,112
2016,4,12,2016041126,유타,92
2016,4,12,2016041126,댈러스,92
2016,4,12,2016041121,피닉스,101
2016,4,12,2016041121,새크라멘토,101
2016,4,13,2016041211,인디애나,102
2016,4,13,2016041211,뉴욕,102
2016,4,13,2016041208,디트로이트,93
2016,4,13,2016041208,마이애미,93
2016,4,13,2016041228,토론토,122
2016,4,13,2016041228,필라델피아,122
2016,4,13,2016041224,샌안토니오,102
2016,4,13,2016041224,오클라호마 시티,102
2016,4,13,2016041212,LA클리퍼스,110
2016,4,13,2016041212,멤피스,110
2016,4,14,2016041302,보스턴,98
2016,4,14,2016041302,마이애미,98
2016,4,14,2016041304,시카고,115
2016,4,14,2016041304,필라델피아,115
2016,4,14,2016041305,클리블랜드,110
2016,4,14,2016041305,디트로이트,110
2016,4,14,2016041306,댈러스,91
2016,4,14,2016041306,샌안토니오,91
2016,4,14,2016041310,휴스턴,116
2016,4,14,2016041310,새크라멘토,116
2016,4,14,2016041315,밀워키,92
2016,4,14,2016041315,인디애나,92
2016,4,14,2016041316,미네소타,144
2016,4,14,2016041316,뉴올리언즈,144
2016,4,14,2016041317,브루클린,96
2016,4,14,2016041317,토론토,96
2016,4,14,2016041327,워싱턴,109
2016,4,14,2016041327,애틀랜타,109
2016,4,14,2016041330,샬럿,117
2016,4,14,2016041330,올랜도,117
2016,4,14,2016041309,골든스테이트,125
2016,4,14,2016041309,멤피스,125
2016,4,14,2016041313,LA레이커스,101
2016,4,14,2016041313,유타,101
2016,4,14,2016041321,피닉스,114
2016,4,14,2016041321,LA클리퍼스,114
2016,4,14,2016041322,포틀랜드,107
2016,4,14,2016041322,덴버,107
2016,4,17,2016041628,토론토,90
2016,4,17,2016041628,인디애나,90
2016,4,17,2016041609,골든스테이트,104
2016,4,17,2016041609,휴스턴,104
2016,4,17,2016041601,애틀랜타,102
2016,4,17,2016041601,보스턴,102
2016,4,17,2016041625,오클라호마 시티,108
2016,4,17,2016041625,댈러스,108
2016,4,18,2016041705,클리블랜드,106
2016,4,18,2016041705,디트로이트,106
2016,4,18,2016041714,마이애미,123
2016,4,18,2016041714,샬럿,123
2016,4,18,2016041724,샌안토니오,106
2016,4,18,2016041724,멤피스,106
2016,4,18,2016041712,LA클리퍼스,115
2016,4,18,2016041712,포틀랜드,115
2016,4,19,2016041828,토론토,98
2016,4,19,2016041828,인디애나,98
2016,4,19,2016041825,오클라호마 시티,84
2016,4,19,2016041825,댈러스,84
2016,4,19,2016041809,골든스테이트,115
2016,4,19,2016041809,휴스턴,115
2016,4,20,2016041901,애틀랜타,89
2016,4,20,2016041901,보스턴,89
2016,4,20,2016041924,샌안토니오,94
2016,4,20,2016041924,멤피스,94
2016,4,21,2016042014,마이애미,115
2016,4,21,2016042014,샬럿,115
2016,4,21,2016042005,클리블랜드,107
2016,4,21,2016042005,디트로이트,107
2016,4,21,2016042012,LA클리퍼스,102
2016,4,21,2016042012,포틀랜드,102
2016,4,22,2016042106,댈러스,102
2016,4,22,2016042106,오클라호마 시티,102
2016,4,22,2016042111,인디애나,85
2016,4,22,2016042111,토론토,85
2016,4,22,2016042110,휴스턴,97
2016,4,22,2016042110,골든스테이트,97
2016,4,23,2016042208,디트로이트,91
2016,4,23,2016042208,클리블랜드,91
2016,4,23,2016042202,보스턴,111
2016,4,23,2016042202,애틀랜타,111
2016,4,23,2016042229,멤피스,87
2016,4,23,2016042229,샌안토니오,87
2016,4,24,2016042311,인디애나,100
2016,4,24,2016042311,토론토,100
2016,4,24,2016042330,샬럿,96
2016,4,24,2016042330,마이애미,96
2016,4,24,2016042306,댈러스,108
2016,4,24,2016042306,오클라호마 시티,108
2016,4,24,2016042322,포틀랜드,96
2016,4,24,2016042322,LA클리퍼스,96
2016,4,25,2016042429,멤피스,95
2016,4,25,2016042429,샌안토니오,95
2016,4,25,2016042410,휴스턴,94
2016,4,25,2016042410,골든스테이트,94
2016,4,25,2016042402,보스턴,104
2016,4,25,2016042402,애틀랜타,104
2016,4,25,2016042408,디트로이트,98
2016,4,25,2016042408,클리블랜드,98
2016,4,26,2016042530,샬럿,89
2016,4,26,2016042530,마이애미,89
2016,4,26,2016042525,오클라호마 시티,118
2016,4,26,2016042525,댈러스,118
2016,4,26,2016042522,포틀랜드,98
2016,4,26,2016042522,LA클리퍼스,98
2016,4,27,2016042628,토론토,102
2016,4,27,2016042628,인디애나,102
2016,4,27,2016042601,애틀랜타,110
2016,4,27,2016042601,보스턴,110
2016,4,28,2016042714,마이애미,88
2016,4,28,2016042714,샬럿,88
2016,4,28,2016042712,LA클리퍼스,98
2016,4,28,2016042712,포틀랜드,98
2016,4,28,2016042709,골든스테이트,114
2016,4,28,2016042709,휴스턴,114
2016,4,29,2016042802,보스턴,92
2016,4,29,2016042802,애틀랜타,92
2016,4,30,2016042911,인디애나,101
2016,4,30,2016042911,토론토,101
2016,4,30,2016042930,샬럿,90
2016,4,30,2016042930,마이애미,90
2016,4,30,2016042922,포틀랜드,106
2016,4,30,2016042922,LA클리퍼스,106
2016,5,1,2016043024,샌안토니오,124
2016,5,1,2016043024,오클라호마 시티,124
2016,5,2,2016050114,마이애미,106
2016,5,2,2016050114,샬럿,106
2016,5,2,2016050109,골든스테이트,118
2016,5,2,2016050109,포틀랜드,118
2016,5,2,2016050128,토론토,89
2016,5,2,2016050128,인디애나,89
2016,5,3,2016050205,클리블랜드,104
2016,5,3,2016050205,애틀랜타,104
2016,5,3,2016050224,샌안토니오,97
2016,5,3,2016050224,오클라호마 시티,97
2016,5,4,2016050328,토론토,96
2016,5,4,2016050328,마이애미,96
2016,5,4,2016050309,골든스테이트,110
2016,5,4,2016050309,포틀랜드,110
2016,5,5,2016050405,클리블랜드,123
2016,5,5,2016050405,애틀랜타,123
2016,5,6,2016050528,토론토,96
2016,5,6,2016050528,마이애미,96
2016,5,7,2016050601,애틀랜타,108
2016,5,7,2016050601,클리블랜드,108
2016,5,7,2016050625,오클라호마 시티,96
2016,5,7,2016050625,샌안토니오,96
2016,5,8,2016050714,마이애미,91
2016,5,8,2016050714,토론토,91
2016,5,8,2016050722,포틀랜드,120
2016,5,8,2016050722,골든스테이트,120
2016,5,9,2016050801,애틀랜타,99
2016,5,9,2016050801,클리블랜드,99
2016,5,9,2016050825,오클라호마 시티,111
2016,5,9,2016050825,샌안토니오,111
2016,5,10,2016050914,마이애미,94
2016,5,10,2016050914,토론토,94
2016,5,10,2016050922,포틀랜드,125
2016,5,10,2016050922,골든스테이트,125
2016,5,11,2016051024,샌안토니오,91
2016,5,11,2016051024,오클라호마 시티,91
2016,5,12,2016051128,토론토,99
2016,5,12,2016051128,마이애미,99
2016,5,12,2016051109,골든스테이트,125
2016,5,12,2016051109,포틀랜드,125
2016,5,13,2016051225,오클라호마 시티,113
2016,5,13,2016051225,샌안토니오,113
2016,5,14,2016051314,마이애미,103
2016,5,14,2016051314,토론토,103
2016,5,16,2016051528,토론토,116
2016,5,16,2016051528,마이애미,116
2016,5,17,2016051609,골든스테이트,102
2016,5,17,2016051609,오클라호마 시티,102
2016,5,18,2016051705,클리블랜드,115
2016,5,18,2016051705,토론토,115
2016,5,19,2016051809,골든스테이트,118
2016,5,19,2016051809,오클라호마 시티,118
2016,5,20,2016051905,클리블랜드,108
2016,5,20,2016051905,토론토,108
2016,5,22,2016052128,토론토,99
2016,5,22,2016052128,클리블랜드,99
2016,5,23,2016052225,오클라호마 시티,133
2016,5,23,2016052225,골든스테이트,133
2016,5,24,2016052328,토론토,105
2016,5,24,2016052328,클리블랜드,105
2016,5,25,2016052425,오클라호마 시티,118
2016,5,25,2016052425,골든스테이트,118
2016,5,26,2016052505,클리블랜드,116
2016,5,26,2016052505,토론토,116
2016,5,27,2016052609,골든스테이트,120
2016,5,27,2016052609,오클라호마 시티,120
2016,5,28,2016052728,토론토,87
2016,5,28,2016052728,클리블랜드,87
2016,5,29,2016052825,오클라호마 시티,101
2016,5,29,2016052825,골든스테이트,101
2016,5,31,2016053009,골든스테이트,96
2016,5,31,2016053009,오클라호마 시티,96
2016,6,3,2016060209,골든스테이트,104
2016,6,3,2016060209,클리블랜드,104
2016,6,6,2016060509,골든스테이트,110
2016,6,6,2016060509,클리블랜드,110
2016,6,9,2016060805,클리블랜드,120
2016,6,9,2016060805,골든스테이트,120
2016,6,11,2016061005,클리블랜드,97
2016,6,11,2016061005,골든스테이트,97
2016,6,14,2016061309,골든스테이트,97
2016,6,14,2016061309,클리블랜드,97
2016,6,17,2016061605,클리블랜드,115
2016,6,17,2016061605,골든스테이트,115
2016,6,20,2016061909,골든스테이트,89
2016,6,20,2016061909,클리블랜드,89
2016,10,26,2016102505,클리블랜드,117
2016,10,26,2016102505,뉴욕,117
2016,10,26,2016102522,포틀랜드,113
2016,10,26,2016102522,유타,113
2016,10,26,2016102509,골든스테이트,100
2016,10,26,2016102509,샌안토니오,100
2016,10,27,2016102611,인디애나,130
2016,10,27,2016102611,댈러스,130
2016,10,27,2016102619,올랜도,96
2016,10,27,2016102619,마이애미,96
2016,10,27,2016102602,보스턴,122
2016,10,27,2016102602,브루클린,122
2016,10,27,2016102628,토론토,109
2016,10,27,2016102628,디트로이트,109
2016,10,27,2016102603,뉴올리언즈,102
2016,10,27,2016102603,덴버,102
2016,10,27,2016102615,밀워키,96
2016,10,27,2016102615,샬럿,96
2016,10,27,2016102620,필라델피아,97
2016,10,27,2016102620,오클라호마 시티,97
2016,10,27,2016102629,멤피스,102
2016,10,27,2016102629,미네소타,102
2016,10,27,2016102621,피닉스,94
2016,10,27,2016102621,새크라멘토,94
2016,10,27,2016102613,LA레이커스,120
2016,10,27,2016102613,휴스턴,120
2016,10,28,2016102701,애틀랜타,114
2016,10,28,2016102701,워싱턴,114
2016,10,28,2016102704,시카고,105
2016,10,28,2016102704,보스턴,105
2016,10,28,2016102722,포틀랜드,106
2016,10,28,2016102722,LA클리퍼스,106
2016,10,28,2016102723,새크라멘토,94
2016,10,28,2016102723,샌안토니오,94
2016,10,29,2016102828,토론토,91
2016,10,29,2016102828,클리블랜드,91
2016,10,29,2016102808,디트로이트,108
2016,10,29,2016102808,올랜도,108
2016,10,29,2016102817,브루클린,103
2016,10,29,2016102817,인디애나,103
2016,10,29,2016102814,마이애미,91
2016,10,29,2016102814,샬럿,91
2016,10,29,2016102825,오클라호마 시티,113
2016,10,29,2016102825,피닉스,113
2016,10,29,2016102806,댈러스,98
2016,10,29,2016102806,휴스턴,98
2016,10,29,2016102826,유타,96
2016,10,29,2016102826,LA레이커스,96
2016,10,29,2016102803,뉴올리언즈,114
2016,10,29,2016102803,골든스테이트,114
2016,10,30,2016102920,필라델피아,72
2016,10,30,2016102920,애틀랜타,72
2016,10,30,2016102930,샬럿,98
2016,10,30,2016102930,보스턴,98
2016,10,30,2016102905,클리블랜드,105
2016,10,30,2016102905,올랜도,105
2016,10,30,2016102918,뉴욕,111
2016,10,30,2016102918,멤피스,111
2016,10,30,2016102904,시카고,118
2016,10,30,2016102904,인디애나,118
2016,10,30,2016102915,밀워키,110
2016,10,30,2016102915,브루클린,110
2016,10,30,2016102924,샌안토니오,98
2016,10,30,2016102924,뉴올리언즈,98
2016,10,30,2016102907,덴버,113
2016,10,30,2016102907,포틀랜드,113
2016,10,30,2016102923,새크라멘토,106
2016,10,30,2016102923,미네소타,106
2016,10,31,2016103012,LA클리퍼스,88
2016,10,31,2016103012,유타,88
2016,10,31,2016103008,디트로이트,98
2016,10,31,2016103008,밀워키,98
2016,10,31,2016103014,마이애미,99
2016,10,31,2016103014,샌안토니오,99
2016,10,31,2016103021,피닉스,100
2016,10,31,2016103021,골든스테이트,100
2016,10,31,2016103025,오클라호마 시티,113
2016,10,31,2016103025,LA레이커스,113
2016,10,31,2016103010,휴스턴,93
2016,10,31,2016103010,댈러스,93
2016,10,31,2016103029,멤피스,112
2016,10,31,2016103029,워싱턴,112
2016,11,1,2016103101,애틀랜타,106
2016,11,1,2016103101,새크라멘토,106
2016,11,1,2016103117,브루클린,88
2016,11,1,2016103117,시카고,88
2016,11,1,2016103128,토론토,105
2016,11,1,2016103128,덴버,105
2016,11,1,2016103112,LA클리퍼스,116
2016,11,1,2016103112,피닉스,116
2016,11,2,2016110105,클리블랜드,128
2016,11,2,2016110105,휴스턴,128
2016,11,2,2016110111,인디애나,115
2016,11,2,2016110111,LA레이커스,115
2016,11,2,2016110120,필라델피아,101
2016,11,2,2016110120,올랜도,101
2016,11,2,2016110108,디트로이트,102
2016,11,2,2016110108,뉴욕,102
2016,11,2,2016110114,마이애미,108
2016,11,2,2016110114,새크라멘토,108
2016,11,2,2016110103,뉴올리언즈,113
2016,11,2,2016110103,밀워키,113
2016,11,2,2016110116,미네소타,116
2016,11,2,2016110116,멤피스,116
2016,11,2,2016110124,샌안토니오,91
2016,11,2,2016110124,유타,91
2016,11,2,2016110122,포틀랜드,104
2016,11,2,2016110122,골든스테이트,104
2016,11,3,2016110227,워싱턴,103
2016,11,3,2016110227,토론토,103
2016,11,3,2016110230,샬럿,109
2016,11,3,2016110230,필라델피아,109
2016,11,3,2016110201,애틀랜타,116
2016,11,3,2016110201,LA레이커스,116
2016,11,3,2016110217,브루클린,109
2016,11,3,2016110217,디트로이트,109
2016,11,3,2016110218,뉴욕,99
2016,11,3,2016110218,휴스턴,99
2016,11,3,2016110202,보스턴,107
2016,11,3,2016110202,시카고,107
2016,11,3,2016110229,멤피스,89
2016,11,3,2016110229,뉴올리언즈,89
2016,11,3,2016110226,유타,97
2016,11,3,2016110226,댈러스,97
2016,11,3,2016110221,피닉스,118
2016,11,3,2016110221,포틀랜드,118
2016,11,3,2016110212,LA클리퍼스,83
2016,11,3,2016110212,오클라호마 시티,83
2016,11,4,2016110319,올랜도,102
2016,11,4,2016110319,새크라멘토,102
2016,11,4,2016110305,클리블랜드,128
2016,11,4,2016110305,보스턴,128
2016,11,4,2016110315,밀워키,125
2016,11,4,2016110315,인디애나,125
2016,11,4,2016110316,미네소타,99
2016,11,4,2016110316,덴버,99
2016,11,4,2016110309,골든스테이트,122
2016,11,4,2016110309,오클라호마 시티,122
2016,11,5,2016110427,워싱턴,95
2016,11,5,2016110427,애틀랜타,95
2016,11,5,2016110417,브루클린,95
2016,11,5,2016110417,샬럿,95
2016,11,5,2016110428,토론토,96
2016,11,5,2016110428,마이애미,96
2016,11,5,2016110403,뉴올리언즈,111
2016,11,5,2016110403,피닉스,111
2016,11,5,2016110404,시카고,104
2016,11,5,2016110404,뉴욕,104
2016,11,5,2016110429,멤피스,88
2016,11,5,2016110429,LA클리퍼스,88
2016,11,5,2016110406,댈러스,95
2016,11,5,2016110406,포틀랜드,95
2016,11,5,2016110426,유타,86
2016,11,5,2016110426,샌안토니오,86
2016,11,5,2016110413,LA레이커스,117
2016,11,5,2016110413,골든스테이트,117
2016,11,6,2016110525,오클라호마 시티,112
2016,11,6,2016110525,미네소타,112
2016,11,6,2016110508,디트로이트,103
2016,11,6,2016110508,덴버,103
2016,11,6,2016110511,인디애나,111
2016,11,6,2016110511,시카고,111
2016,11,6,2016110519,올랜도,88
2016,11,6,2016110519,워싱턴,88
2016,11,6,2016110520,필라델피아,101
2016,11,6,2016110520,클리블랜드,101
2016,11,6,2016110501,애틀랜타,112
2016,11,6,2016110501,휴스턴,112
2016,11,6,2016110515,밀워키,117
2016,11,6,2016110515,새크라멘토,117
2016,11,6,2016110524,샌안토니오,92
2016,11,6,2016110524,LA클리퍼스,92
2016,11,7,2016110618,뉴욕,109
2016,11,7,2016110618,유타,109
2016,11,7,2016110629,멤피스,94
2016,11,7,2016110629,포틀랜드,94
2016,11,7,2016110628,토론토,91
2016,11,7,2016110628,새크라멘토,91
2016,11,7,2016110606,댈러스,86
2016,11,7,2016110606,밀워키,86
2016,11,7,2016110602,보스턴,107
2016,11,7,2016110602,덴버,107
2016,11,7,2016110613,LA레이커스,119
2016,11,7,2016110613,피닉스,119
2016,11,8,2016110720,필라델피아,84
2016,11,8,2016110720,유타,84
2016,11,8,2016110727,워싱턴,106
2016,11,8,2016110727,휴스턴,106
2016,11,8,2016110730,샬럿,122
2016,11,8,2016110730,인디애나,122
2016,11,8,2016110704,시카고,112
2016,11,8,2016110704,올랜도,112
2016,11,8,2016110725,오클라호마 시티,97
2016,11,8,2016110725,마이애미,97
2016,11,8,2016110709,골든스테이트,116
2016,11,8,2016110709,뉴올리언즈,116
2016,11,8,2016110712,LA클리퍼스,114
2016,11,8,2016110712,디트로이트,114
2016,11,9,2016110805,클리블랜드,106
2016,11,9,2016110805,애틀랜타,106
2016,11,9,2016110817,브루클린,119
2016,11,9,2016110817,미네소타,119
2016,11,9,2016110829,멤피스,108
2016,11,9,2016110829,덴버,108
2016,11,9,2016110822,포틀랜드,124
2016,11,9,2016110822,피닉스,124
2016,11,9,2016110813,LA레이커스,97
2016,11,9,2016110813,댈러스,97
2016,11,9,2016110823,새크라멘토,102
2016,11,9,2016110823,뉴올리언즈,102
2016,11,10,2016110911,인디애나,122
2016,11,10,2016110911,필라델피아,122
2016,11,10,2016110918,뉴욕,110
2016,11,10,2016110918,브루클린,110
2016,11,10,2016110919,올랜도,107
2016,11,10,2016110919,미네소타,107
2016,11,10,2016110927,워싱턴,118
2016,11,10,2016110927,보스턴,118
2016,11,10,2016110930,샬럿,104
2016,11,10,2016110930,유타,104
2016,11,10,2016110901,애틀랜타,115
2016,11,10,2016110901,시카고,115
2016,11,10,2016110925,오클라호마 시티,102
2016,11,10,2016110925,토론토,102
2016,11,10,2016110921,피닉스,107
2016,11,10,2016110921,디트로이트,107
2016,11,10,2016110924,샌안토니오,99
2016,11,10,2016110924,휴스턴,99
2016,11,10,2016110909,골든스테이트,116
2016,11,10,2016110909,댈러스,116
2016,11,10,2016110912,LA클리퍼스,111
2016,11,10,2016110912,포틀랜드,111
2016,11,11,2016111014,마이애미,95
2016,11,11,2016111014,시카고,95
2016,11,11,2016111015,밀워키,106
2016,11,11,2016111015,뉴올리언즈,106
2016,11,11,2016111007,덴버,101
2016,11,11,2016111007,골든스테이트,101
2016,11,11,2016111023,새크라멘토,91
2016,11,11,2016111023,LA레이커스,91
2016,11,12,2016111119,올랜도,74
2016,11,12,2016111119,유타,74
2016,11,12,2016111120,필라델피아,109
2016,11,12,2016111120,인디애나,109
2016,11,12,2016111127,워싱턴,94
2016,11,12,2016111127,클리블랜드,94
2016,11,12,2016111130,샬럿,111
2016,11,12,2016111130,토론토,111
2016,11,12,2016111102,보스턴,115
2016,11,12,2016111102,뉴욕,115
2016,11,12,2016111125,오클라호마 시티,108
2016,11,12,2016111125,LA클리퍼스,108
2016,11,12,2016111124,샌안토니오,96
2016,11,12,2016111124,디트로이트,96
2016,11,12,2016111122,포틀랜드,122
2016,11,12,2016111122,새크라멘토,122
2016,11,13,2016111203,뉴올리언즈,99
2016,11,13,2016111203,LA레이커스,99
2016,11,13,2016111211,인디애나,99
2016,11,13,2016111211,보스턴,99
2016,11,13,2016111201,애틀랜타,117
2016,11,13,2016111201,필라델피아,117
2016,11,13,2016111228,토론토,118
2016,11,13,2016111228,뉴욕,118
2016,11,13,2016111204,시카고,106
2016,11,13,2016111204,워싱턴,106
2016,11,13,2016111210,휴스턴,100
2016,11,13,2016111210,샌안토니오,100
2016,11,13,2016111214,마이애미,91
2016,11,13,2016111214,유타,91
2016,11,13,2016111216,미네소타,105
2016,11,13,2016111216,LA클리퍼스,105
2016,11,13,2016111215,밀워키,106
2016,11,13,2016111215,멤피스,106
2016,11,13,2016111207,덴버,95
2016,11,13,2016111207,디트로이트,95
2016,11,13,2016111221,피닉스,104
2016,11,13,2016111221,브루클린,104
2016,11,14,2016111305,클리블랜드,100
2016,11,14,2016111305,샬럿,100
2016,11,14,2016111316,미네소타,125
2016,11,14,2016111316,LA레이커스,125
2016,11,14,2016111325,오클라호마 시티,117
2016,11,14,2016111325,올랜도,117
2016,11,14,2016111309,골든스테이트,133
2016,11,14,2016111309,피닉스,133
2016,11,14,2016111322,포틀랜드,112
2016,11,14,2016111322,덴버,112
2016,11,15,2016111411,인디애나,88
2016,11,15,2016111411,올랜도,88
2016,11,15,2016111408,디트로이트,104
2016,11,15,2016111408,오클라호마 시티,104
2016,11,15,2016111418,뉴욕,93
2016,11,15,2016111418,댈러스,93
2016,11,15,2016111403,뉴올리언즈,106
2016,11,15,2016111403,보스턴,106
2016,11,15,2016111410,휴스턴,115
2016,11,15,2016111410,필라델피아,115
2016,11,15,2016111424,샌안토니오,94
2016,11,15,2016111424,마이애미,94
2016,11,15,2016111426,유타,96
2016,11,15,2016111426,멤피스,96
2016,11,15,2016111412,LA클리퍼스,127
2016,11,15,2016111412,브루클린,127
2016,11,16,2016111505,클리블랜드,121
2016,11,16,2016111505,토론토,121
2016,11,16,2016111514,마이애미,90
2016,11,16,2016111514,애틀랜타,90
2016,11,16,2016111516,미네소타,108
2016,11,16,2016111516,샬럿,108
2016,11,16,2016111522,포틀랜드,88
2016,11,16,2016111522,시카고,88
2016,11,16,2016111513,LA레이커스,125
2016,11,16,2016111513,브루클린,125
2016,11,17,2016111611,인디애나,103
2016,11,17,2016111611,클리블랜드,103
2016,11,17,2016111619,올랜도,89
2016,11,17,2016111619,뉴올리언즈,89
2016,11,17,2016111620,필라델피아,109
2016,11,17,2016111620,워싱턴,109
2016,11,17,2016111601,애틀랜타,107
2016,11,17,2016111601,밀워키,107
2016,11,17,2016111602,보스턴,90
2016,11,17,2016111602,댈러스,90
2016,11,17,2016111618,뉴욕,105
2016,11,17,2016111618,디트로이트,105
2016,11,17,2016111625,오클라호마 시티,105
2016,11,17,2016111625,휴스턴,105
2016,11,17,2016111628,토론토,121
2016,11,17,2016111628,골든스테이트,121
2016,11,17,2016111607,덴버,120
2016,11,17,2016111607,피닉스,120
2016,11,17,2016111612,LA클리퍼스,107
2016,11,17,2016111612,멤피스,107
2016,11,17,2016111623,새크라멘토,105
2016,11,17,2016111623,샌안토니오,105
2016,11,18,2016111727,워싱턴,119
2016,11,18,2016111727,뉴욕,119
2016,11,18,2016111714,마이애미,96
2016,11,18,2016111714,밀워키,96
2016,11,18,2016111710,휴스턴,126
2016,11,18,2016111710,포틀랜드,126
2016,11,18,2016111716,미네소타,110
2016,11,18,2016111716,필라델피아,110
2016,11,18,2016111726,유타,77
2016,11,18,2016111726,시카고,77
2016,11,19,2016111811,인디애나,96
2016,11,19,2016111811,피닉스,96
2016,11,19,2016111830,샬럿,100
2016,11,19,2016111830,애틀랜타,100
2016,11,19,2016111805,클리블랜드,104
2016,11,19,2016111805,디트로이트,104
2016,11,19,2016111802,보스턴,88
2016,11,19,2016111802,골든스테이트,88
2016,11,19,2016111803,뉴올리언즈,113
2016,11,19,2016111803,포틀랜드,113
2016,11,19,2016111825,오클라호마 시티,124
2016,11,19,2016111825,브루클린,124
2016,11,19,2016111806,댈러스,64
2016,11,19,2016111806,멤피스,64
2016,11,19,2016111807,덴버,111
2016,11,19,2016111807,토론토,111
2016,11,19,2016111813,LA레이커스,107
2016,11,19,2016111813,샌안토니오,107
2016,11,19,2016111823,새크라멘토,115
2016,11,19,2016111823,LA클리퍼스,115
2016,11,20,2016111910,휴스턴,111
2016,11,20,2016111910,유타,111
2016,11,20,2016111903,뉴올리언즈,121
2016,11,20,2016111903,샬럿,121
2016,11,20,2016111908,디트로이트,92
2016,11,20,2016111908,보스턴,92
2016,11,20,2016111919,올랜도,95
2016,11,20,2016111919,댈러스,95
2016,11,20,2016111927,워싱턴,111
2016,11,20,2016111927,마이애미,111
2016,11,20,2016111920,필라델피아,120
2016,11,20,2016111920,피닉스,120
2016,11,20,2016111929,멤피스,93
2016,11,20,2016111929,미네소타,93
2016,11,20,2016111915,밀워키,121
2016,11,20,2016111915,골든스테이트,121
2016,11,20,2016111912,LA클리퍼스,102
2016,11,20,2016111912,시카고,102
